Production_ID,Date,Product_Type,Machine_ID,Shift,Units_Produced,Defects,Production_time,Material_Cost_Per_Unit,Labour_Cost_Per_Hour,Energy_Consumption_kWh,Operator_Count,Downtime_Hours,Production_Volume_Cubic_Meters,Scrap_Rate,Rework_Hours,Quality_Checks_Failed,Average_Temperature_C,Average_Humidity_Percent,Total_Cost,Efficiency_Score
PR_20200101,01-01-2020,Automotive,3,Swing,142,3,23,3229.78,1284.23,413.97,1,7,2.34,0.05,2,1,22.8,47.2,488705.4266,6.063193851
PR_20200102,02-01-2020,Textiles,8,Night,170,4,8,1782.725,2117.56,181.16,2,3,1.52,0.03,0,1,23.8,37.9,318966.1256,22.63648469
PR_20200103,03-01-2020,Appliances,11,Swing,182,4,21,3969.59,1374.41,452.15,2,3,0.57,0.03,0,0,24.5,56.1,750750.7378,8.843537415
PR_20200104,04-01-2020,Appliances,11,Swing,133,0,22,3357.535,2396.45,485.78,3,7,1.9,0.04,0,2,22.3,50.8,498507.191,6.134686347
PR_20200105,05-01-2020,Electronics,14,Swing,82,0,17,3174.67,1436.2,315.58,1,2,2.25,0.02,1,0,23.4,53.9,284278.756,4.916067146
PR_20200106,06-01-2020,Automotive,1,Day,81,0,12,890.11,1941.375,440.42,2,0,0.89,0.05,0,2,20.6,56.9,95220.68625,6.801007557
PR_20200107,07-01-2020,Furniture,20,Swing,78,8,23,3144.61,2222.77,367.89,2,6,0.82,0.04,1,2,23.1,45.9,296358.8346,3.394255875
PR_20200108,08-01-2020,Textiles,7,Swing,151,5,23,2587.665,2326.31,197.62,3,4,0.56,0.04,0,1,23.6,59.2,444614.7546,6.519861831
PR_20200109,09-01-2020,Electronics,16,Swing,72,9,16,1412.82,2363.05,467.34,2,1,2.02,0.04,1,0,20.4,48.3,138657.5115,4.606525912
PR_20200110,10-01-2020,Textiles,7,Swing,189,7,18,2794.745,1948.055,411.71,1,3,2.32,0.04,0,0,18.7,49.4,563564.0033,10.41322314
PR_20200111,11-01-2020,Textiles,8,Swing,124,2,21,1187.37,1551.43,456.52,4,3,1.48,0.04,1,0,20,31.7,180217.2818,5.832549389
PR_20200112,12-01-2020,Automotive,1,Night,188,8,3,2459.075,1507.175,245.14,1,5,1.06,0.02,0,0,23.5,34.4,467520.9255,54.33526012
PR_20200113,13-01-2020,Textiles,5,Swing,172,8,14,1474.61,1813.62,281.45,3,6,2.35,0.04,1,0,24.4,51.4,279023.6,12.28571429
PR_20200114,14-01-2020,Textiles,5,Swing,70,6,21,870.07,2040.74,215.36,1,6,0.9,0.03,0,2,20.1,47.9,103474.7364,3.355704698
PR_20200115,15-01-2020,Furniture,17,Swing,55,1,22,2072.47,2331.32,234.33,4,2,1.35,0.05,1,2,24.6,59.1,165274.89,2.5
PR_20200116,16-01-2020,Automotive,3,Swing,136,6,24,2065.79,1882.925,204.39,4,1,2.31,0.04,0,0,21.4,41.2,326118.8107,5.669028762
PR_20200117,17-01-2020,Furniture,20,Swing,152,4,18,2559.275,2130.92,390.9,1,4,2.48,0.03,0,2,25,54.6,427068.0312,8.510638298
PR_20200118,18-01-2020,Electronics,13,Night,120,5,6,4047.245,2116.725,251.57,1,6,1.03,0.05,1,2,22.2,52,497967.5722,20.65404475
PR_20200119,19-01-2020,Appliances,10,Swing,158,8,16,1100.53,1400.295,392.66,2,5,2.4,0.04,1,2,19.1,35.6,195714.3391,10.13470173
PR_20200120,20-01-2020,Textiles,8,Swing,85,2,24,1583.16,2273.705,369.77,4,1,1.46,0.02,1,0,23.2,35.6,188591.8308,3.577441077
PR_20200121,21-01-2020,Automotive,4,Swing,64,2,15,2339.67,1791.075,322.07,1,7,1.77,0.05,1,1,20.4,35.3,175727.3783,4.410751206
PR_20200122,22-01-2020,Appliances,10,Day,58,2,10,2001.495,1323.475,368.7,1,5,2.02,0.03,0,1,22.1,41.3,129149.4083,5.87639311
PR_20200123,23-01-2020,Textiles,8,Night,96,8,7,2720.43,1965.59,321.45,3,3,1.24,0.02,1,1,19.8,34.2,275392.1516,13.25966851
PR_20200124,24-01-2020,Textiles,6,Day,135,2,9,3520.36,2388.935,387.81,3,3,2.17,0.02,2,0,23.1,56,496820.683,14.95016611
PR_20200125,25-01-2020,Appliances,9,Swing,188,5,18,2231.955,2203.565,230.6,2,6,2.35,0.04,2,0,18.6,50.1,459117.4605,10.4852203
PR_20200126,26-01-2020,Electronics,14,Night,66,3,6,1867.895,1402.8,412.53,1,3,2.02,0.04,0,2,21.9,54.6,131473.422,11.30136986
PR_20200127,27-01-2020,Furniture,19,Swing,122,9,16,1596.52,2254.5,219.41,1,6,0.73,0.03,2,1,18.7,31.6,230261.27,7.750952986
PR_20200128,28-01-2020,Furniture,19,Swing,83,4,15,3466.92,1309.28,491.62,1,1,0.61,0.04,0,1,24.4,51.7,307943.4576,5.382619974
PR_20200129,29-01-2020,Appliances,12,Night,95,3,7,1143.95,1973.105,254.49,2,4,1.1,0.05,2,0,19.1,42.3,122625.1024,13.43705799
PR_20200130,30-01-2020,Automotive,3,Swing,132,2,13,2457.405,1396.955,105.2,1,6,2.05,0.02,1,1,20.6,53,341979.093,10.47619048
PR_20200131,31-01-2020,Electronics,15,Swing,143,6,21,2081.655,2006.505,286.19,3,5,2.22,0.04,0,1,19.7,49,339672.8147,6.832298137
PR_20200201,01-02-2020,Electronics,14,Swing,79,9,19,2948.385,1443.715,482.31,4,2,1.32,0.04,0,1,23,39.6,260771.6774,4.09538621
PR_20200202,02-02-2020,Appliances,11,Swing,189,7,14,5010,2372.235,353.47,4,5,0.75,0.03,0,0,18.5,58.4,981239.9628,13.05248619
PR_20200203,03-02-2020,Appliances,12,Swing,149,0,16,1993.145,2069.13,140.89,4,0,1.99,0.02,0,0,19.4,45.1,330808.8805,9.113149847
PR_20200204,04-02-2020,Furniture,17,Night,56,4,2,1188.205,1802.765,143.2,4,4,2.18,0.04,1,0,22.5,43.2,69802.48465,30.93922652
PR_20200205,05-02-2020,Automotive,3,Night,167,9,3,1290.075,2388.935,279.58,2,4,0.72,0.04,1,0,19.6,47.3,222728.7768,54.75409836
PR_20200206,06-02-2020,Furniture,19,Day,115,6,10,3110.375,1468.765,190.21,3,2,1.35,0.03,1,0,22.9,42.1,371822.6443,11.95426195
PR_20200207,07-02-2020,Appliances,12,Day,198,1,10,2481.62,2352.195,341.84,3,2,1.78,0.02,0,1,19.2,31.3,514459.3149,20.16293279
PR_20200208,08-02-2020,Appliances,9,Night,140,5,8,3468.59,1394.45,473.59,1,3,2.01,0.04,2,0,22.6,51.2,496549.0325,17.8343949
PR_20200209,09-02-2020,Electronics,14,Swing,50,2,16,3925.335,2219.43,486.39,4,2,2.4,0.02,1,2,21.3,48,231688.8528,3.13283208
PR_20200210,10-02-2020,Automotive,4,Swing,127,0,15,3088.665,1431.19,468.49,1,1,0.9,0.02,1,2,18.2,41.5,413671.0574,8.489304813
PR_20200211,11-02-2020,Appliances,9,Swing,98,9,17,3881.08,1445.385,218.47,4,7,2.32,0.03,1,1,22.3,46.6,404541.5849,5.854241338
PR_20200212,12-02-2020,Electronics,13,Night,136,0,6,926.85,2331.32,490.66,1,4,2.2,0.03,1,0,21.6,38.6,140762.2292,21.55309033
PR_20200213,13-02-2020,Furniture,19,Night,101,9,1,2630.25,1813.62,223.19,4,2,1.51,0.03,2,2,20.2,45.2,267577.6872,95.28301887
PR_20200214,14-02-2020,Furniture,18,Swing,117,0,23,1726.78,1571.47,350.41,2,4,1.68,0.04,2,2,23.6,55.2,238569.9375,5.032258065
PR_20200215,15-02-2020,Electronics,14,Swing,110,9,19,1492.145,2077.48,456.22,3,4,1.9,0.04,0,0,21,33,203130.2496,5.860415557
PR_20200216,16-02-2020,Textiles,8,Day,187,8,12,1771.035,2331.32,363.48,3,6,2.29,0.03,1,2,21.8,46.5,358017.0382,16.24674196
PR_20200217,17-02-2020,Furniture,20,Night,59,9,2,3572.13,1772.705,498.63,4,2,1.61,0.05,1,1,24.7,54.6,214318.8071,29.35323383
PR_20200218,18-02-2020,Textiles,7,Night,135,0,6,2939.2,1610.715,239.71,2,7,0.94,0.02,0,2,22.7,55.5,405779.7897,24.19354839
PR_20200219,19-02-2020,Electronics,15,Night,100,7,2,3430.18,1599.025,147.78,3,3,1.35,0.03,2,0,18.3,30,346567.8355,45.04504505
PR_20200220,20-02-2020,Automotive,3,Day,126,3,12,2504.165,2107.54,188.12,3,3,1.16,0.04,0,2,23.8,40.2,340773.1192,10.51752922
PR_20200221,21-02-2020,Appliances,9,Night,88,0,6,1727.615,2137.6,173.65,1,5,2.4,0.03,0,1,19.2,48.9,164834.344,14.69115192
PR_20200222,22-02-2020,Furniture,18,Swing,143,4,13,2398.955,2396.45,461.44,1,7,0.7,0.05,2,2,22.7,46.7,375139.0305,10.67961165
PR_20200223,23-02-2020,Appliances,11,Night,62,2,2,1552.265,1279.22,286.34,1,5,1.43,0.05,0,1,24,45.8,99348.9346,25.51440329
PR_20200224,24-02-2020,Textiles,5,Swing,91,3,17,4146.61,1424.51,306.31,1,7,2.48,0.01,1,2,24.2,31.1,402056.7585,5.244956772
PR_20200225,25-02-2020,Furniture,19,Night,75,9,3,3416.82,1990.64,169.19,1,2,1.51,0.04,0,2,19.1,41,262870.4248,22.59036145
PR_20200226,26-02-2020,Automotive,4,Unknown,108,4,8,1043.75,1620.735,185.71,3,7,1.37,0.05,1,2,21.3,48.3,125885.3682,13.30049261
PR_20200227,27-02-2020,Automotive,3,Swing,152,0,16,4168.32,1816.125,419.84,2,2,1.83,0.05,1,0,21.1,38.9,662352.06,9.595959596
PR_20200228,28-02-2020,Automotive,1,Night,76,9,3,1335.165,2413.985,373.15,3,7,0.95,0.05,1,0,21.3,36.2,109849.068,21.90201729
PR_20200229,29-02-2020,Automotive,4,Swing,106,4,24,3033.555,1373.575,231.71,2,2,2.19,0.05,1,0,18.8,54.7,353849.5783,4.508719694
PR_20200301,01-03-2020,Appliances,11,Night,181,3,5,2101.695,2064.12,418.19,4,3,1.45,0.01,0,1,22.8,49.6,391553.043,33.51851852
PR_20200302,02-03-2020,Appliances,10,Night,101,3,2,2651.125,2259.51,121.48,3,1,1.33,0.02,1,1,22.2,57,271898.5283,55.19125683
PR_20200303,03-03-2020,Textiles,5,Swing,148,8,16,3220.595,1403.635,128.27,4,2,1.35,0.02,0,0,23.5,53,499639.6013,9.035409035
PR_20200304,04-03-2020,Appliances,11,Day,88,0,10,1844.515,2062.45,135.4,2,5,1.87,0.02,2,0,24.5,32.2,182488.081,8.99795501
PR_20200305,05-03-2020,Textiles,5,Swing,178,0,23,1176.515,2293.745,381.39,1,6,1.81,0.03,0,0,20.4,46.6,262749.2413,7.655913978
PR_20200306,06-03-2020,Appliances,9,Night,65,5,3,3029.38,1511.35,338.35,2,1,1.52,0.02,1,2,22.9,37.9,201458.8635,21.59468439
PR_20200307,07-03-2020,Textiles,8,Day,94,1,9,920.17,1421.17,444.71,3,3,1.69,0.02,1,0,21.8,59.2,99528.1089,10.25081788
PR_20200308,08-03-2020,Electronics,13,Swing,71,8,15,1586.5,1334.33,487.45,3,1,2.23,0.02,1,1,24.6,45,132189.4345,4.846416382
PR_20200309,09-03-2020,Automotive,3,Swing,172,3,14,864.225,2165.155,236.41,2,3,2.11,0.04,0,1,23.5,49.9,177919.5956,12.72189349
PR_20200310,10-03-2020,Furniture,18,Swing,127,2,12,3290.735,1771.035,351.51,2,3,1.54,0.02,0,2,19.5,30.3,439583.103,10.3843009
PR_20200311,11-03-2020,Appliances,12,Day,180,8,10,3782.55,1877.915,448.17,2,8,2.36,0.03,1,1,20.1,48.9,699318.9045,18.31129196
PR_20200312,12-03-2020,Automotive,2,Swing,87,0,20,1919.665,1376.08,193.28,2,3,1.42,0.05,2,0,21.5,31.3,194807.671,4.306930693
PR_20200313,13-03-2020,Appliances,9,Night,51,0,4,1886.265,1397.79,138.24,3,3,1.12,0.03,0,0,19.6,40,102042.2772,12.20095694
PR_20200314,14-03-2020,Textiles,7,Swing,170,2,13,1160.65,2096.685,493.13,4,6,0.82,0.02,1,0,20.8,34.4,223581.9631,13.56743815
PR_20200315,15-03-2020,Appliances,10,Swing,103,1,14,976.95,1769.365,459.79,1,6,0.95,0.03,0,2,21.5,44.1,125697.7521,7.268877911
PR_20200316,16-03-2020,Automotive,1,Swing,157,8,21,1622.405,2305.435,344.01,1,5,1.85,0.04,1,0,24.6,56.6,303938.6223,7.353629977
PR_20200317,17-03-2020,Automotive,4,Night,122,7,8,3705.73,2238.635,104.12,4,2,1.65,0.03,2,2,18.5,48.7,468888.8225,16.26666667
PR_20200318,18-03-2020,Appliances,12,Night,91,4,7,2845.68,2236.13,190.48,1,2,0.76,0.04,2,2,23.7,37.1,275280.629,12.46575342
PR_20200319,19-03-2020,Furniture,17,Swing,91,0,20,872.575,2330.485,378.27,2,3,1.46,0.01,1,2,21.3,48.8,125151.7456,4.635761589
PR_20200320,20-03-2020,Furniture,20,Night,69,0,7,2870.73,2313.785,244,2,3,0.81,0.02,1,0,24.2,47.7,215132.9655,9.362279512
PR_20200321,21-03-2020,Electronics,14,Night,70,5,2,1003.67,1933.025,327.55,2,6,1.31,0.02,0,0,18.3,45.8,74586.876,31.25
PR_20200322,22-03-2020,Electronics,15,Swing,183,9,13,2232.79,1612.385,122.24,2,3,0.99,0.05,0,2,21.9,38.2,429577.6989,14.066103
PR_20200323,23-03-2020,Electronics,15,Swing,142,0,18,3956.23,1957.24,319.46,3,3,1.48,0.02,0,0,22.5,42.7,597915.3104,7.692307692
PR_20200324,24-03-2020,Textiles,6,Night,71,9,5,2930.85,1548.925,157.43,2,1,2.23,0.04,2,0,24.5,42.5,215106.9803,15.67328918
PR_20200325,25-03-2020,Furniture,20,Swing,148,0,19,2879.08,1492.98,142.2,3,2,1.1,0.02,1,1,21.9,36.9,453768.7594,7.98704803
PR_20200326,26-03-2020,Electronics,13,Day,136,7,9,3087.83,1886.265,295.71,3,2,2.45,0.05,1,0,23.8,50.9,437204.2048,14.86338798
PR_20200327,27-03-2020,Furniture,20,Swing,78,4,23,1299.26,2032.39,305.27,4,3,1.5,0.01,2,0,24.8,54.2,147721.4198,3.418054338
PR_20200328,28-03-2020,Appliances,11,Night,89,0,3,1146.455,1816.96,460.33,2,6,0.85,0.02,1,2,20.2,37.9,107485.375,29.66666667
PR_20200329,29-03-2020,Appliances,12,Unknown,169,6,8,2079.15,2262.015,495.44,1,3,1.83,0.02,1,2,25,57.3,370037.9738,20.48484848
PR_20200330,30-03-2020,Appliances,10,Night,76,8,6,1467.93,1983.96,143.47,3,3,2.23,0.02,1,1,19.2,54,123129.1668,13.03602058
PR_20200331,31-03-2020,Automotive,1,Swing,192,1,22,912.655,2477.445,226.29,1,2,1.46,0.03,0,1,22.8,55.4,228816.8954,8.876560333
PR_20200401,01-04-2020,Furniture,19,Night,148,1,7,1971.435,1465.425,394.34,1,4,2.28,0.05,0,2,22.6,53.5,302645.8335,19.94609164
PR_20200402,02-04-2020,Appliances,11,Night,140,0,7,2495.815,1643.28,363.02,3,2,2.04,0.02,2,2,18.9,58.8,361097.8208,19.69057665
PR_20200403,03-04-2020,Electronics,16,Swing,189,6,17,1002.835,1341.01,132.35,4,4,0.73,0.02,1,1,18.6,34.4,212614.5971,10.98198722
PR_20200404,04-04-2020,Appliances,12,Swing,159,6,23,4081.48,1877.915,123.51,4,1,2.21,0.04,1,2,22.2,32.6,691828.1195,6.964520368
PR_20200405,05-04-2020,Furniture,20,Swing,90,3,15,3390.935,1315.125,265.9,3,6,0.73,0.02,0,2,20.9,56.5,324358.6725,6.172839506
PR_20200406,06-04-2020,Textiles,8,Swing,121,4,23,3299.085,2068.295,298.71,4,5,1.27,0.02,0,1,18.6,44.5,446056.8497,5.339805825
PR_20200407,07-04-2020,Appliances,11,Swing,147,5,16,3775.035,1565.625,328.92,3,4,2.36,0.05,2,1,23.3,39,580183.6763,9.113453193
PR_20200408,08-04-2020,Automotive,1,Night,149,9,6,2806.435,2198.555,355.43,2,4,1.04,0.02,0,0,18.7,57.5,430316.8242,26.94394213
PR_20200409,09-04-2020,Automotive,1,Swing,164,6,18,2298.755,1302.6,292.76,2,5,0.52,0.02,1,2,23.7,41.8,400598.932,9.050772627
PR_20200410,10-04-2020,Furniture,17,Night,130,6,8,2453.23,1674.175,387.21,1,4,1.35,0.05,0,0,18.7,34,332011.9485,16.62404092
PR_20200411,11-04-2020,Furniture,18,Unknown,74,0,8,1492.98,2418.995,146.86,4,4,2.38,0.04,2,1,23,32.9,130074.3795,9.135802469
PR_20200412,12-04-2020,Electronics,13,Swing,159,4,20,5010,1338.505,396.75,3,0,1.35,0.04,1,2,24.1,45.7,822824.698,8.112244898
PR_20200413,13-04-2020,Electronics,16,Night,194,8,7,3499.485,2348.855,347.7,2,3,0.71,0.04,2,0,24,30.5,695224.6323,27.91366906
PR_20200414,14-04-2020,Automotive,3,Unknown,158,5,9,2512.515,1666.66,103.71,1,2,1.34,0.03,2,1,23.2,58.5,411410.6456,18.2448037
PR_20200415,15-04-2020,Appliances,11,Swing,189,9,24,1447.89,1300.095,288.64,3,5,2.47,0.03,0,2,19.3,33.3,304476.4624,7.971320118
PR_20200416,16-04-2020,Electronics,16,Night,183,0,5,3714.915,2379.75,240.62,4,2,0.9,0.04,0,0,21.3,41.1,691514.0175,37.27087576
PR_20200417,17-04-2020,Electronics,14,Swing,186,9,16,3006,1790.24,201.4,3,0,2.33,0.03,0,1,20.5,39.4,586936.3296,11.96911197
PR_20200418,18-04-2020,Electronics,13,Day,95,7,10,2833.99,1796.92,122.05,3,1,0.74,0.03,1,0,21.2,41.7,287342.0036,9.424603175
PR_20200419,19-04-2020,Electronics,13,Unknown,71,1,8,4072.295,2115.055,490.93,3,2,0.72,0.05,0,2,23.2,52.4,306793.6543,8.502994012
PR_20200420,20-04-2020,Electronics,13,Night,104,8,4,3925.335,1839.505,211.91,1,3,0.6,0.03,2,1,24,45.4,415703.2303,25.61576355
PR_20200421,21-04-2020,Appliances,12,Swing,52,3,13,1324.31,2225.275,283.28,2,1,0.82,0.02,0,0,22.6,32.6,98349.01375,3.924528302
PR_20200422,22-04-2020,Textiles,7,Swing,139,1,14,3314.115,1963.085,137.69,1,5,2.38,0.01,0,0,18.1,32.9,488361.1144,9.851169383
PR_20200423,23-04-2020,Electronics,16,Swing,83,7,17,3852.69,1650.795,418.75,4,1,2.14,0.01,0,1,18.9,39.2,347539.6419,4.934601665
PR_20200424,24-04-2020,Furniture,17,Swing,169,0,19,3713.245,2052.43,109.49,2,5,1.17,0.03,1,2,20.4,36.1,666780.8666,8.838912134
PR_20200425,25-04-2020,Textiles,8,Day,53,8,10,3804.26,1361.885,336,3,0,0.78,0.02,2,1,24.4,44.6,215911.9537,5.052430887
PR_20200426,26-04-2020,Automotive,4,Swing,51,20,13,3527.875,1868.73,210.64,1,1,1.62,0.03,0,0,22.2,58.9,204943.9197,3.808812547
PR_20200427,27-04-2020,Appliances,9,Night,107,3,3,4137.425,1679.185,238.15,1,4,0.75,0.01,0,1,23.6,50.6,446902.4375,42.8
PR_20200428,28-04-2020,Electronics,13,Day,149,0,11,1745.985,1756.84,309.98,4,7,1.85,0.04,1,1,21.2,57,278774.269,14.05660377
PR_20200429,29-04-2020,Automotive,4,Night,190,0,4,1366.895,2097.52,287.55,1,1,2.27,0.01,0,1,24.5,46,268163.0556,47.14640199
PR_20200430,30-04-2020,Textiles,6,Night,86,5,1,1088.005,1455.405,264.34,2,3,1.55,0.01,2,2,19.9,49.4,95052.9431,84.31372549
PR_20200501,01-05-2020,Textiles,6,Night,186,6,2,3586.325,1295.92,350.57,3,4,0.96,0.01,2,1,24,38.1,670127.7804,78.48101266
PR_20200502,02-05-2020,Appliances,12,Night,185,3,2,2347.185,2348.855,319.36,3,6,1.13,0.01,2,1,19.2,34.4,437916.9273,117.8343949
PR_20200503,03-05-2020,Appliances,10,Day,146,7,10,1696.72,2320.465,232.44,3,5,1.26,0.02,1,1,23.1,32.7,270972.1793,14.57085828
PR_20200504,04-05-2020,Electronics,15,Day,79,6,10,3097.015,2403.965,175.43,2,1,2.42,0.04,1,1,22.8,41.5,268319.2006,8.028455285
PR_20200505,05-05-2020,Furniture,17,Night,146,1,6,837.505,2140.94,162.41,3,6,2.22,0.02,0,0,18.8,37.5,134222.1752,26.16487455
PR_20200506,06-05-2020,Appliances,12,Day,130,4,12,1492.145,2359.71,114.68,1,6,1.59,0.04,1,1,23.9,34.1,221587.457,11.11111111
PR_20200507,07-05-2020,Textiles,5,Night,173,7,3,2099.19,1657.475,278.02,4,3,1.87,0.03,0,1,23.8,57.6,367850.5243,61.13074205
PR_20200508,08-05-2020,Automotive,1,Night,158,0,8,1543.915,1440.375,169.9,4,3,0.7,0.02,2,1,24.1,34,255043.8612,20.49286641
PR_20200509,09-05-2020,Automotive,3,Night,71,7,2,1978.95,2122.57,452.87,3,7,0.87,0.05,0,2,19.8,31.5,144856.7185,34.63414634
PR_20200510,10-05-2020,Automotive,4,Night,117,6,1,1387.77,1694.215,269,4,4,1.6,0.03,2,0,19,32.5,164317.4373,101.7391304
PR_20200511,11-05-2020,Appliances,10,Swing,165,4,15,848.36,1594.85,350.61,1,5,0.75,0.03,1,2,21.2,30.2,163104.725,11.37931034
PR_20200512,12-05-2020,Electronics,14,Swing,193,0,18,2492.475,1993.98,224.71,4,6,0.54,0.03,1,1,24,36.5,515942.325,11.02857143
PR_20200513,13-05-2020,Textiles,7,Night,102,4,7,1070.47,1433.695,203.73,4,5,0.71,0.04,1,0,23.6,37.3,119152.1203,14.67625899
PR_20200514,14-05-2020,Appliances,10,Swing,56,7,17,3240.635,1994.815,426.5,2,7,0.71,0.04,0,0,22.8,49.8,215247.778,3.307737744
PR_20200515,15-05-2020,Appliances,12,Swing,94,5,15,1040.41,2346.35,247.73,1,1,1.98,0.01,1,2,24.9,33.8,134026.184,6.088082902
PR_20200516,16-05-2020,Furniture,20,Swing,131,6,19,3395.11,2115.055,138.14,2,3,2.2,0.04,2,0,22.5,36.2,484607.0462,6.95329087
PR_20200517,17-05-2020,Automotive,4,Night,124,1,6,1040.41,1891.275,229.39,1,5,2.13,0.05,2,2,24.3,57.1,139828.933,21.67832168
PR_20200518,18-05-2020,Textiles,8,Swing,143,4,12,4085.655,1862.05,147.61,2,2,2.48,0.04,2,0,21.2,31,606704.988,11.85737977
PR_20200519,19-05-2020,Automotive,4,Night,80,4,6,2042.41,1651.63,285.32,2,6,2.27,0.04,2,2,23.5,31.4,173054.8355,13.67521368
PR_20200520,20-05-2020,Electronics,16,Swing,128,8,21,1837,2203.565,217.05,2,0,1.35,0.02,1,1,22.8,42.3,281476.972,6.086543034
PR_20200521,21-05-2020,Electronics,14,Swing,106,2,16,1855.37,2423.17,428.12,1,5,1.4,0.04,0,2,18.3,56,235076.4645,6.687697161
PR_20200522,22-05-2020,Appliances,11,Night,62,4,3,1642.445,1847.02,126.14,4,2,1.12,0.04,0,0,20.6,59.5,107298.7692,20.94594595
PR_20200523,23-05-2020,Electronics,13,Day,56,1,9,1427.015,2358.875,493.79,1,1,0.94,0.01,1,1,23.8,34.5,102109.8538,5.951115834
PR_20200524,24-05-2020,Textiles,7,Night,145,0,2,3605.53,1280.89,418.21,1,3,2.08,0.03,1,1,20.6,48.4,525209.9232,77.12765957
PR_20200525,25-05-2020,Appliances,12,Swing,100,3,24,2375.575,1490.475,366.58,2,2,1.78,0.03,1,2,20.1,30.1,272807.2338,4.22832981
PR_20200526,26-05-2020,Textiles,8,Swing,175,1,20,1168.165,1317.63,121.22,1,1,0.78,0.04,1,1,18.2,58.6,230702.4172,8.776328987
PR_20200527,27-05-2020,Automotive,2,Day,133,8,9,3569.625,1922.17,491.93,4,5,1.9,0.03,1,0,19.1,48,492290.3154,14.58333333
PR_20200528,28-05-2020,Electronics,15,Day,160,3,10,3709.905,1665.825,404.41,2,4,0.89,0.02,1,2,19.1,37.2,609976.518,16.2601626
PR_20200529,29-05-2020,Electronics,16,Day,131,2,10,3919.49,2307.105,280.61,4,2,1.33,0.02,2,0,24.5,44.7,535370.6875,13.78947368
PR_20200530,30-05-2020,Appliances,9,Swing,174,0,16,991.145,2106.705,431.5,3,5,2.28,0.01,1,0,18.9,48.9,206419.3146,10.79404467
PR_20200531,31-05-2020,Automotive,4,Day,106,5,9,2418.995,2028.215,235.36,1,1,0.63,0.02,1,0,21.4,30.3,274687.6871,11.76470588
PR_20200601,01-06-2020,Electronics,16,Night,63,0,6,2854.03,1409.48,263.37,2,2,1.24,0.01,0,0,23.4,32.2,188105.7272,10.69609508
PR_20200602,02-06-2020,Electronics,16,Night,105,2,7,5010,1600.695,368.74,3,6,0.55,0.05,2,0,21.4,59.1,537510.9762,14.66480447
PR_20200603,03-06-2020,Textiles,5,Swing,195,1,19,2906.635,2160.98,468.9,1,3,1.39,0.04,0,1,20.9,53.4,608500.739,10.10362694
PR_20200604,04-06-2020,Electronics,14,Night,172,1,3,2363.885,1505.505,467.77,1,5,1.85,0.05,0,0,24.3,45.9,411661.7718,51.03857567
PR_20200605,05-06-2020,Appliances,10,Day,146,3,11,3385.09,2128.415,194.47,3,7,0.5,0.03,1,1,24.3,36.8,517401.5794,13.40679522
PR_20200606,06-06-2020,Textiles,5,Day,103,5,10,2382.255,2380.585,356.8,1,7,1.81,0.03,1,2,23.9,32.5,269416.1735,10.1980198
PR_20200607,07-06-2020,Textiles,7,Swing,102,0,14,1788.57,2342.175,453.75,3,7,1.8,0.05,1,1,21.4,53.6,214779.5768,7.385952209
PR_20200608,08-06-2020,Appliances,10,Night,143,1,2,2784.725,1290.075,141.52,2,2,2.31,0.04,0,2,22,56.6,401311.855,59.58333333
PR_20200609,09-06-2020,Appliances,12,Night,67,8,2,2542.575,2355.535,174.3,1,3,1.38,0.04,0,2,19.3,37.6,174521.8219,37.85310734
PR_20200610,10-06-2020,Automotive,3,Swing,180,7,17,2464.085,1617.395,414.5,2,4,0.82,0.02,1,1,24,34.8,470998.6671,10.60070671
PR_20200611,11-06-2020,Appliances,9,Swing,179,7,13,1475.445,1797.755,324.91,4,3,1.86,0.02,1,2,19.3,58.9,287529.4027,13.73752878
PR_20200612,12-06-2020,Automotive,1,Night,165,0,4,3658.97,1917.16,122.57,2,2,1.27,0.03,1,1,19.2,43.3,610996.0864,43.53562005
PR_20200613,13-06-2020,Furniture,17,Day,188,9,10,1025.38,1766.86,313.82,4,5,0.85,0.02,2,1,24.8,53,210192.6796,19.06693712
PR_20200614,14-06-2020,Furniture,20,Swing,51,2,13,1013.69,2039.905,468.59,2,4,1.76,0.02,1,2,20.5,43,78318.95025,3.908045977
PR_20200615,15-06-2020,Electronics,13,Day,144,3,9,1302.6,2297.92,173.16,2,4,0.73,0.02,0,2,24.7,38,208531.4304,15.78947368
PR_20200616,16-06-2020,Furniture,18,Night,146,6,4,1209.08,2124.24,127.38,2,5,0.82,0.01,1,2,24.6,44.4,184215.4288,40.33149171
PR_20200617,17-06-2020,Textiles,8,Night,180,5,4,3783.385,1551.43,478.57,2,7,1.97,0.03,1,0,24.3,43.5,687928.6778,40.35874439
PR_20200618,18-06-2020,Textiles,8,Night,109,2,7,3474.435,2403.13,251.93,4,0,1.88,0.04,2,1,24.4,45.7,394670.1982,16.41566265
PR_20200619,19-06-2020,Electronics,15,Night,105,0,1,1786.065,2122.57,410.52,2,7,1.7,0.05,2,1,22.2,57,189723.0721,101.9417476
PR_20200620,20-06-2020,Furniture,17,Swing,178,0,18,1721.77,1423.675,342.55,3,2,2.07,0.03,1,0,18.3,33.2,331759.528,10.02252252
PR_20200621,21-06-2020,Furniture,17,Swing,61,2,17,2189.37,2166.825,174.91,2,4,0.8,0.05,1,2,24.1,45.6,169932.5617,3.633114949
PR_20200622,22-06-2020,Textiles,8,Swing,161,0,21,2575.975,1295.085,180.66,2,3,0.66,0.04,0,0,24.8,31.8,442278.433,7.569346497
PR_20200623,23-06-2020,Automotive,1,Night,182,2,4,1939.705,2034.895,397.07,1,6,2.48,0.01,2,1,23.6,48.2,360412.9789,50.13774105
PR_20200624,24-06-2020,Electronics,13,Swing,120,8,15,3859.37,2410.645,353.8,2,3,1.53,0.03,2,2,22.6,47.8,499669.7782,7.915567282
PR_20200625,25-06-2020,Electronics,14,Swing,107,1,18,996.155,1972.27,105.96,1,2,2.44,0.05,2,2,19.4,57.9,141320.2597,6.076093129
PR_20200626,26-06-2020,Appliances,11,Swing,67,1,15,4045.575,1636.6,298.09,3,4,1.69,0.02,0,0,24.6,55.3,295537.061,4.478609626
PR_20200627,27-06-2020,Appliances,12,Day,86,1,9,2737.13,2489.97,467.53,1,4,1.92,0.01,0,1,18.4,36.4,258251.1046,9.368191721
PR_20200628,28-06-2020,Furniture,20,Unknown,195,1,9,3991.3,2265.355,313,2,2,1.09,0.02,0,0,20.9,42.2,797559.0175,22.94117647
PR_20200629,29-06-2020,Electronics,13,Night,104,0,4,3158.805,1563.12,111.19,2,4,2.24,0.03,1,2,20.5,34.7,335049.5616,24.88038278
PR_20200630,30-06-2020,Appliances,10,Swing,123,0,23,1341.845,1342.68,295.73,3,6,1.27,0.04,1,1,24,50.8,196385.0862,5.269922879
PR_20200701,01-07-2020,Appliances,12,Night,105,0,4,3151.29,2462.415,118.1,2,4,2.26,0.03,0,1,18.8,47.6,339627.0233,29.57746479
PR_20200702,02-07-2020,Electronics,13,Swing,109,7,17,4070.625,1296.755,281.12,4,4,1.07,0.04,1,2,19.1,56,465353.9335,6.526946108
PR_20200703,03-07-2020,Electronics,14,Swing,143,3,21,2505,2100.025,394.89,4,6,1.68,0.05,1,0,19.9,50.5,403071.534,6.694756554
PR_20200704,04-07-2020,Automotive,2,Swing,127,6,22,3766.685,2484.125,152.41,1,6,2.06,0.04,0,0,20.8,32.8,532274.5075,5.852534562
PR_20200705,05-07-2020,Automotive,2,Swing,134,6,22,4141.6,1558.945,236.4,1,2,2.07,0.03,1,0,22,32.2,589676.5157,6.019766397
PR_20200706,06-07-2020,Textiles,7,Swing,96,8,16,1965.59,2412.315,179.6,4,2,2.08,0.01,0,1,24.1,31.8,227727.8967,5.933250927
PR_20200707,07-07-2020,Textiles,7,Night,198,7,4,2212.75,1780.22,257.42,2,3,2.49,0.04,0,2,21,36.4,445245.38,49.5
PR_20200708,08-07-2020,Automotive,1,Swing,145,6,13,1753.5,1547.255,159.83,4,2,2.41,0.03,1,2,19.9,59.6,274309.9248,11.1882716
PR_20200709,09-07-2020,Furniture,17,Day,107,1,11,3925.335,1355.205,208.75,1,3,0.91,0.04,0,2,18.5,36.9,435026.5164,9.657039711
PR_20200710,10-07-2020,Automotive,1,Swing,125,3,16,2927.51,2005.67,153.81,3,7,1.24,0.03,0,1,20.1,40.8,398932.0215,7.598784195
PR_20200711,11-07-2020,Automotive,3,Day,169,0,12,3364.215,2123.405,264.97,3,1,1.53,0.02,0,1,21,46.7,593077.6628,14.63203463
PR_20200712,12-07-2020,Automotive,3,Swing,195,5,20,1500.495,2060.78,288.63,2,3,1.95,0.02,1,1,23,40.4,333626.6548,9.79407333
PR_20200713,13-07-2020,Furniture,18,Day,96,5,10,2268.695,2010.68,334.82,2,5,1.85,0.04,0,1,20.4,34.5,238866.6464,9.160305344
PR_20200714,14-07-2020,Furniture,20,Swing,199,6,18,2962.58,2030.72,402.63,3,6,1.85,0.03,1,0,23.4,51,626796.8248,10.85059978
PR_20200715,15-07-2020,Textiles,8,Swing,94,0,23,3293.24,1894.615,141.57,3,1,1.07,0.04,0,1,20.3,54.7,352913.3512,4.108391608
PR_20200716,16-07-2020,Appliances,11,Swing,104,7,18,3029.38,1520.535,447.69,2,0,1.17,0.04,0,0,18,50.8,341999.4002,5.869074492
PR_20200717,17-07-2020,Furniture,19,Swing,157,7,19,3205.565,2010.68,379.87,2,4,0.91,0.02,1,1,19,48.4,540571.819,8.46361186
PR_20200718,18-07-2020,Electronics,13,Swing,156,30,17,2891.605,2363.885,143.18,1,6,2.26,0.04,2,1,19.5,35.5,492103.7848,8.991354467
PR_20200719,19-07-2020,Automotive,2,Swing,65,0,20,1483.795,1274.21,251.81,2,2,1.34,0.05,1,0,20.6,50.3,122351.3643,3.19724545
PR_20200720,20-07-2020,Automotive,1,Night,147,3,8,2657.805,2483.29,251.25,1,3,1.44,0.02,1,0,18.3,38.9,409843.5009,19.06614786
PR_20200721,21-07-2020,Electronics,14,Swing,111,0,24,3822.63,2470.765,381.65,4,4,2.42,0.04,1,1,23.8,52,483165.5523,4.659949622
PR_20200722,22-07-2020,Automotive,4,Swing,185,3,19,1239.975,1586.5,159.93,2,1,2.33,0.02,0,0,19.6,60,260014.825,9.585492228
PR_20200723,23-07-2020,Textiles,7,Swing,138,2,18,1624.91,1783.56,124.6,3,3,1.06,0.02,0,0,23.4,40.9,257108.5908,7.487791644
PR_20200724,24-07-2020,Appliances,9,Night,135,7,3,2306.27,1960.58,110.01,4,7,2.28,0.03,0,0,22.3,53.6,317345.8248,44.11764706
PR_20200725,25-07-2020,Electronics,14,Unknown,129,1,9,1079.655,2311.28,446.97,4,1,1.6,0.03,0,2,24.1,45.3,159291.1798,14.8960739
PR_20200726,26-07-2020,Textiles,7,Night,197,2,7,2100.86,1328.485,347.53,2,2,1.81,0.02,1,0,20.8,40.9,422942.9726,28.84333821
PR_20200727,27-07-2020,Textiles,8,Night,105,8,4,2227.78,1536.4,108.24,4,8,1.36,0.03,2,2,22.7,43.8,239401.848,29.41176471
PR_20200728,28-07-2020,Textiles,8,Swing,132,8,22,3579.645,2079.15,474.81,3,3,2.47,0.05,1,1,20.6,59.1,518296.023,5.994550409
PR_20200729,29-07-2020,Appliances,11,Swing,130,5,15,4125.735,1329.32,143.36,3,5,1.87,0.02,2,0,23.3,49.8,556325.2296,8.649367931
PR_20200730,30-07-2020,Textiles,8,Swing,144,2,22,1469.6,2370.565,399.47,2,5,1.2,0.02,2,2,20.9,42.5,262897.721,6.65742025
PR_20200731,31-07-2020,Furniture,17,Swing,185,4,13,1531.39,2362.215,441.87,2,6,1.64,0.01,2,2,24.5,57.5,314582.8766,13.97280967
PR_20200801,01-08-2020,Appliances,9,Swing,165,5,22,3880.245,1376.08,359.91,2,1,2.24,0.04,1,2,24.6,42.8,670445.381,7.517084282
PR_20200802,02-08-2020,Furniture,17,Swing,50,9,22,3808.435,1772.705,128.37,2,6,0.63,0.03,0,2,24.7,39.2,229953.0715,2.242152466
PR_20200803,03-08-2020,Textiles,8,Swing,141,0,16,4049.75,1891.275,326.71,3,4,0.94,0.03,2,0,22.9,54.1,601294.0628,8.806995628
PR_20200804,04-08-2020,Appliances,11,Swing,166,0,13,3643.105,2064.955,281.16,2,6,0.51,0.05,1,1,19.7,42.4,630608.6666,13.25878594
PR_20200805,05-08-2020,Furniture,20,Night,162,9,6,2661.145,1931.355,403.59,1,5,0.82,0.02,0,1,23.8,46.9,442886.7555,26.55737705
PR_20200806,06-08-2020,Furniture,17,Swing,139,7,22,2761.345,1254.17,207.51,3,1,1.6,0.04,1,0,19.4,36.7,411443.7784,6.312443233
PR_20200807,07-08-2020,Automotive,2,Swing,114,0,19,2262.015,1414.49,378.18,1,4,1.25,0.02,2,1,23.2,39.2,284646.0057,6.022187005
PR_20200808,08-08-2020,Automotive,4,Unknown,173,2,9,870.905,2295.415,181.05,2,5,1.49,0.03,2,1,24.8,49.3,170682.5838,19.83944954
PR_20200809,09-08-2020,Automotive,1,Swing,108,9,16,2488.3,2239.47,383.5,3,5,1.47,0.04,1,2,20.7,44.9,305351.7345,6.605504587
PR_20200810,10-08-2020,Appliances,11,Swing,90,0,15,3771.695,1274.21,204.94,2,6,0.88,0.04,2,2,18.1,44.4,358642.1526,5.976095618
PR_20200811,11-08-2020,Furniture,20,Night,187,0,3,1198.225,1270.87,494.78,1,3,2.14,0.04,2,0,23.7,45.1,228477.9939,53.89048991
PR_20200812,12-08-2020,Electronics,16,Swing,194,6,22,1532.225,2318.795,470.34,1,4,1.19,0.04,1,0,23.9,32.9,349239.0339,8.652988403
PR_20200813,13-08-2020,Appliances,11,Night,165,8,1,1416.16,1705.07,303.07,3,6,2.18,0.01,1,1,19.5,34.2,235610.1798,144.7368421
PR_20200814,14-08-2020,Textiles,7,Swing,63,1,20,875.08,1761.85,380.64,3,3,0.89,0.03,1,0,21.7,58.7,90455.1325,3.142144638
PR_20200815,15-08-2020,Electronics,14,Swing,133,0,13,1299.26,2434.86,425.91,4,6,1.19,0.03,2,1,20.9,55.4,203870.3936,10.42319749
PR_20200816,16-08-2020,Textiles,6,Swing,65,9,20,2348.855,2376.41,373.13,4,5,1.78,0.05,1,0,18.1,57.8,200180.0109,3.251625813
PR_20200817,17-08-2020,Appliances,12,Swing,181,5,14,3523.7,1741.81,425.45,2,2,1.17,0.02,0,0,23.2,53.9,661791.8418,13.13497823
PR_20200818,18-08-2020,Automotive,4,Night,67,3,5,969.435,2252.83,223.43,2,2,0.93,0.01,1,1,20.3,45.6,75134.9366,14.82300885
PR_20200819,19-08-2020,Appliances,11,Day,53,0,12,2241.14,1820.3,148.59,4,3,2.38,0.02,2,1,24.6,47.3,140423.787,4.457527334
PR_20200820,20-08-2020,Textiles,6,Swing,190,2,21,3656.465,1791.075,149.43,1,0,1.4,0.04,2,2,23.8,39.2,732717.0508,8.958038661
PR_20200821,21-08-2020,Automotive,2,Night,103,2,6,3927.005,1276.715,357.69,4,4,2.34,0.03,0,1,23.6,55,412499.2852,16.40127389
PR_20200822,22-08-2020,Appliances,12,Night,70,8,4,1093.015,2246.15,287.89,4,2,2.47,0.03,2,1,23.2,34.3,84934.1125,18.66666667
PR_20200823,23-08-2020,Automotive,2,Day,190,4,11,3051.925,2264.52,427.49,2,3,1.23,0.03,1,2,21.7,43.9,603711.1456,18.04368471
PR_20200824,24-08-2020,Appliances,11,Swing,134,0,20,3142.105,2210.245,123.44,3,6,1.19,0.05,2,0,19.4,42.9,464473.3843,6.819338422
PR_20200825,25-08-2020,Furniture,18,Swing,128,3,17,4068.955,2461.58,318.18,2,4,0.92,0.02,2,0,21.7,43.7,563239.2634,7.428903076
PR_20200826,26-08-2020,Textiles,8,Swing,80,0,24,939.375,1312.62,163.52,3,3,1.52,0.04,0,1,18.9,43.6,106560.9966,3.343083995
PR_20200827,27-08-2020,Furniture,18,Swing,54,4,21,3514.515,2463.25,381.83,1,8,0.93,0.04,1,1,24.7,54.4,242127.8725,2.541176471
PR_20200828,28-08-2020,Textiles,7,Night,134,0,5,2889.935,2327.98,229.7,4,8,0.99,0.04,0,2,19,36.7,398751.5112,27.12550607
PR_20200829,29-08-2020,Furniture,18,Swing,134,8,19,1072.14,1399.46,195.23,1,5,2.01,0.02,1,2,18.2,59.2,170424.4352,7.008368201
PR_20200830,30-08-2020,Appliances,12,Swing,58,7,18,1971.435,1305.105,103.24,4,3,1.37,0.04,0,1,18.1,45.4,137208.6696,3.310502283
PR_20200831,31-08-2020,Appliances,10,Night,94,9,6,2670.33,1278.385,304.69,1,2,0.93,0.01,0,0,23.7,51.3,258042.1375,17.09090909
PR_20200901,01-09-2020,Textiles,5,Swing,186,5,19,1012.02,1398.625,341.21,3,8,1.1,0.05,0,1,20.9,49.1,214739.6637,9.81530343
PR_20200902,02-09-2020,Textiles,7,Night,186,4,7,3192.205,2278.715,379.3,4,5,0.89,0.04,2,1,19.2,54.9,608744.0747,28.2674772
PR_20200903,03-09-2020,Appliances,12,Day,71,8,11,3754.16,1715.925,494.81,4,4,0.98,0.02,1,1,23.4,31.1,286244.179,6.18466899
PR_20200904,04-09-2020,Furniture,19,Night,53,0,7,2664.485,2030.72,326.2,1,3,1.99,0.04,0,1,21.7,31.2,156204.4186,7.181571816
PR_20200905,05-09-2020,Appliances,10,Day,150,4,11,3108.705,1745.985,360.91,3,2,2.21,0.02,1,2,22,52.1,486175.0593,13.18101933
PR_20200906,06-09-2020,Automotive,4,Night,193,7,8,2937.53,1968.93,336.84,1,0,2.41,0.01,2,0,21.9,44.9,582596.2835,24.27672956
PR_20200907,07-09-2020,Textiles,5,Swing,64,3,16,1028.72,1600.695,375.33,3,3,2.48,0.02,2,0,24.3,59.1,91705.3112,3.96039604
PR_20200908,08-09-2020,Automotive,3,Swing,57,1,19,1905.47,2378.08,468.72,1,0,1.31,0.04,0,1,20.4,44.1,154865.446,2.93059126
PR_20200909,09-09-2020,Textiles,7,Night,123,8,1,3646.445,2027.38,486.36,2,6,0.63,0.04,0,0,24.6,36,451411.8884,86.01398601
PR_20200910,10-09-2020,Electronics,13,Day,64,1,10,3456.9,1835.33,332.49,3,3,1.71,0.05,0,2,18.9,56,240072.0858,6.237816764
PR_20200911,11-09-2020,Appliances,9,Night,159,9,4,1980.62,1599.86,335.39,2,2,0.64,0.03,2,0,22.2,44.2,321877.971,36.55172414
PR_20200912,12-09-2020,Textiles,6,Night,90,2,1,2574.305,1624.075,431.89,1,3,1.89,0.04,0,0,23,31.5,234042.3587,62.06896552
PR_20200913,13-09-2020,Automotive,3,Swing,141,3,24,3939.53,2124.24,106.32,3,4,1.91,0.03,2,2,22.5,52.6,605627.0364,5.972045743
PR_20200914,14-09-2020,Textiles,5,Swing,126,2,17,4107.365,1766.025,177.15,1,6,0.8,0.04,1,0,24.5,41.3,546667.4025,7.636363636
PR_20200915,15-09-2020,Appliances,10,Day,82,2,11,3522.03,1959.745,170.08,4,2,2.02,0.03,1,2,19.5,55.6,311147.553,7.192982456
PR_20200916,16-09-2020,Furniture,17,Day,64,6,11,1759.345,2489.135,128.88,2,2,1.02,0.03,1,1,23.3,33.3,139754.5429,5.866177819
PR_20200917,17-09-2020,Furniture,19,Swing,68,0,20,1169,1648.29,243.92,3,3,1.26,0.03,1,2,21.2,31.8,113018.2186,3.343166175
PR_20200918,18-09-2020,Appliances,10,Swing,161,7,14,3828.475,1765.19,400.81,2,4,0.62,0.01,1,2,19.9,51.3,641326.6097,11.39419674
PR_20200919,19-09-2020,Textiles,7,Swing,138,3,18,3041.905,1654.97,338.18,1,7,1.36,0.04,1,0,18.3,40.7,449952.9931,7.56993966
PR_20200920,20-09-2020,Automotive,3,Swing,136,8,22,3627.24,1365.225,207.04,1,6,1.11,0.04,1,1,19.1,51.9,523571.6783,6.134415877
PR_20200921,21-09-2020,Textiles,8,Swing,59,0,21,1093.015,2429.85,456.68,3,5,1.78,0.03,2,1,19.8,54.1,116292.287,2.767354597
PR_20200922,22-09-2020,Furniture,17,Night,110,1,3,2715.42,2191.875,224.96,2,2,1.04,0.03,0,0,22.3,42.2,305666.3625,34.59119497
PR_20200923,23-09-2020,Automotive,1,Swing,80,6,12,3754.16,2020.7,309.31,4,4,1.74,0.02,1,2,24.7,41.8,324944.926,6.568144499
PR_20200924,24-09-2020,Automotive,4,Swing,179,6,16,1039.575,1282.56,117.24,3,6,1.1,0.05,1,0,20.1,52.2,206053.3842,11.49646757
PR_20200925,25-09-2020,Automotive,1,Day,188,1,12,3947.045,2296.25,436.37,4,7,0.97,0.02,0,2,18.6,49.2,768795.7725,16.13733906
PR_20200926,26-09-2020,Appliances,10,Night,88,4,8,3033.555,1342.68,490.93,2,3,1.98,0.01,1,0,20.5,40.6,277251.1956,11.47327249
PR_20200927,27-09-2020,Electronics,16,Swing,99,2,22,2064.955,1413.655,456.49,3,3,1.12,0.03,2,0,25,30.2,235644.0474,4.483695652
PR_20200928,28-09-2020,Furniture,17,Swing,183,4,22,3095.345,1361.885,263.45,1,3,0.92,0.04,0,1,23.5,36.2,595960.183,8.444854638
PR_20200929,29-09-2020,Automotive,4,Swing,189,0,20,3220.595,1436.2,162.76,1,6,2.42,0.04,1,0,19.1,47.9,637933.487,9.282907662
PR_20200930,30-09-2020,Automotive,1,Swing,142,0,22,2960.075,2050.76,221.06,2,5,2.21,0.02,2,1,19.3,40.2,466411.2272,6.319537161
PR_20201001,01-10-2020,Appliances,10,Swing,97,5,18,3262.345,1354.37,466.49,4,5,1.46,0.03,2,1,22.2,41.4,340948.0183,5.362078496
PR_20201002,02-10-2020,Appliances,12,Day,105,5,10,1280.055,2047.42,489.59,2,4,0.65,0.04,1,1,19.4,54.4,154818.5524,10.53159478
PR_20201003,03-10-2020,Textiles,7,Swing,187,2,12,2634.425,2225.275,123.95,2,2,1.56,0.04,1,2,25,39.5,520342.1488,15.02008032
PR_20201004,04-10-2020,Electronics,14,Swing,186,2,20,1889.605,1826.145,152.92,3,6,0.57,0.03,0,0,23.7,56,387898.1227,9.323308271
PR_20201005,05-10-2020,Automotive,1,Swing,151,2,22,1265.86,2052.43,428.42,3,0,2.16,0.01,1,1,18.1,56.6,236175.1742,6.882406563
PR_20201006,06-10-2020,Electronics,15,Swing,199,9,16,3190.535,1695.885,168.74,2,1,1.35,0.03,1,0,20,34,662762.8967,12.11936663
PR_20201007,07-10-2020,Appliances,11,Swing,169,8,14,2841.505,2188.535,254.73,4,4,0.93,0.03,1,1,19.9,50.7,511663.593,11.76061239
PR_20201008,08-10-2020,Textiles,5,Swing,110,0,22,4173.33,2488.3,114.59,2,3,2.03,0.02,2,1,23.7,52.5,512639.399,5.109150023
PR_20201009,09-10-2020,Electronics,16,Swing,80,4,18,3637.26,1678.35,182.99,2,3,0.83,0.04,1,1,20.8,41.6,321610.6875,4.383561644
PR_20201010,10-10-2020,Automotive,3,Swing,162,8,22,2199.39,2015.69,170.83,2,2,1.89,0.03,1,1,20.2,59.1,400646.36,7.363636364
PR_20201011,11-10-2020,Textiles,5,Swing,56,0,21,3438.53,2469.095,426.55,1,4,1.78,0.03,1,0,22.8,56,245174.0945,2.627874237
PR_20201012,12-10-2020,Automotive,4,Unknown,71,8,9,1456.24,1292.58,123.91,2,1,0.82,0.02,1,2,23.8,41.8,114457.5248,8.294392523
PR_20201013,13-10-2020,Automotive,3,Night,168,9,4,2405.635,1602.365,338.36,1,4,1.83,0.02,0,0,24.7,51.5,410572.1637,41.89526185
PR_20201014,14-10-2020,Electronics,13,Swing,70,8,17,2182.69,1453.735,333.72,4,4,2.06,0.03,1,1,24.1,59.7,177719.8553,4.081632653
PR_20201015,15-10-2020,Furniture,19,Swing,96,1,22,2874.905,2014.855,479.65,4,5,2.06,0.02,1,0,23,58,321284.8204,4.270462633
PR_20201016,16-10-2020,Furniture,19,Swing,115,2,22,3522.865,1474.61,139.95,4,0,1.71,0.05,2,0,20.6,37.2,437452.9262,5.246350365
PR_20201017,17-10-2020,Automotive,2,Swing,142,8,22,2377.245,1645.785,356.75,2,7,0.69,0.03,1,2,21.7,58.8,374039.3856,6.407942238
PR_20201018,18-10-2020,Electronics,15,Swing,114,1,21,3723.265,1796.085,403.97,1,4,0.84,0.03,1,0,21.9,48.5,462223.8776,5.420827389
PR_20201019,19-10-2020,Automotive,4,Day,155,0,11,3350.02,1320.135,103.27,2,1,1.1,0.04,0,1,21.7,32.9,533880.1958,13.98916968
PR_20201020,20-10-2020,Textiles,5,Swing,134,0,23,1737.635,1624.075,359.05,4,5,2.37,0.03,1,1,24.8,51.2,269449.7405,5.94498669
PR_20201021,21-10-2020,Appliances,11,Swing,194,8,16,2614.385,1535.565,145.9,3,6,0.69,0.04,1,2,23.4,59.7,531222.2822,12.39616613
PR_20201022,22-10-2020,Appliances,12,Swing,99,4,20,3675.67,1791.075,352.07,3,3,1.6,0.02,2,0,18.4,40,399891.9375,4.925373134
PR_20201023,23-10-2020,Furniture,19,Night,113,0,8,3351.69,2502.495,214.71,2,3,2.28,0.02,1,1,22.2,31.7,398460.6306,14.34010152
PR_20201024,24-10-2020,Appliances,12,Swing,97,9,13,3576.305,2502.495,143.82,3,3,1.38,0.01,2,1,23,39.9,378182.7725,7.76
PR_20201025,25-10-2020,Furniture,20,Night,62,4,4,1696.72,1482.125,282.32,4,3,2.26,0.03,1,2,20.5,38.6,110680.5025,16.75675676
PR_20201026,26-10-2020,Furniture,20,Night,194,4,5,3440.2,2149.29,349.31,1,4,1.15,0.03,0,2,19,34.5,677178.0695,42.63736264
PR_20201027,27-10-2020,Textiles,6,Swing,123,0,20,2190.205,2368.895,226.78,3,2,1.38,0.05,1,1,20,48.8,315754.4902,6.285130301
PR_20201028,28-10-2020,Textiles,7,Swing,133,0,23,4041.4,1903.8,310.94,1,3,1.69,0.02,2,0,19.2,31.3,580741.498,5.856450903
PR_20201029,29-10-2020,Furniture,19,Swing,144,1,13,2391.44,2179.35,247.74,3,3,1.8,0.04,1,0,22.1,36.5,373004.019,10.95890411
PR_20201030,30-10-2020,Appliances,10,Swing,74,5,12,3830.98,1771.87,475.74,2,3,1.29,0.02,1,1,21,59.8,305056.1779,6.080525883
PR_20201031,31-10-2020,Appliances,10,Swing,69,4,23,3049.42,2002.33,338.37,1,2,1.42,0.04,1,0,25,48.6,255802.8011,3.043670049
PR_20201101,01-11-2020,Furniture,18,Swing,168,1,20,3952.055,1830.32,229.91,4,4,1.73,0.02,1,1,24.7,33.5,700771.2784,8.349900596
PR_20201102,02-11-2020,Automotive,4,Night,108,9,5,2724.605,1630.755,186.86,4,2,2.2,0.01,2,1,23.8,59.6,302737.266,20.76923077
PR_20201103,03-11-2020,Automotive,3,Night,70,1,2,1628.25,1436.2,331,4,5,1.21,0.02,1,0,22.4,39.4,116792.452,35.71428571
PR_20201104,04-11-2020,Textiles,7,Swing,176,0,23,3013.515,1618.23,492.17,3,3,1.62,0.04,0,2,19.1,33.1,567355.1955,7.702407002
PR_20201105,05-11-2020,Textiles,8,Swing,133,1,13,1692.545,2355.535,291.65,4,3,2.02,0.02,2,0,20.4,45.4,256743.32,9.903201787
PR_20201106,06-11-2020,Appliances,10,Swing,82,2,16,3676.505,2381.42,464.68,4,4,2.42,0.02,2,1,20.9,59.9,339266.5454,5.166981727
PR_20201107,07-11-2020,Appliances,12,Swing,143,9,13,1121.405,2331.32,312.08,3,4,0.74,0.04,1,0,23.2,59.8,191157.6522,10.82513248
PR_20201108,08-11-2020,Appliances,9,Swing,105,1,18,1635.765,1618.23,421.62,1,2,0.66,0.02,0,2,23.1,44.1,200867.2827,5.836575875
PR_20201109,09-11-2020,Furniture,19,Swing,183,8,22,3451.89,2372.235,335.89,2,6,0.57,0.04,2,2,23.3,42.2,683031.0354,8.456561922
PR_20201110,10-11-2020,Textiles,8,Swing,61,4,24,2229.45,1452.065,333.88,4,6,0.93,0.04,0,0,24.6,55.6,170642.7209,2.55658005
PR_20201111,11-11-2020,Textiles,5,Day,106,0,9,1365.225,2327.145,268.56,4,4,1.56,0.02,0,0,20.9,47,166495.9272,11.32478632
PR_20201112,12-11-2020,Automotive,3,Swing,148,0,13,4155.795,1596.52,374.75,4,2,0.84,0.03,1,0,18.9,52.1,635732.594,11.42857143
PR_20201113,13-11-2020,Electronics,14,Swing,141,6,21,2359.71,2070.8,297.58,2,2,0.99,0.02,0,1,24.1,43.3,376868.566,6.613508443
PR_20201114,14-11-2020,Textiles,6,Day,124,6,11,2431.52,2194.38,437.99,2,3,0.83,0.04,0,0,25,46.6,325690.5476,11.2522686
PR_20201115,15-11-2020,Textiles,7,Day,110,8,9,2013.185,1349.36,468.95,2,3,2.26,0.03,0,0,22.9,43.2,233945.4236,11.87904968
PR_20201116,16-11-2020,Electronics,13,Swing,54,8,23,1055.44,1614.89,296.53,1,5,2.24,0.01,1,0,19.9,32.6,94604.5481,2.31859167
PR_20201117,17-11-2020,Electronics,15,Swing,149,8,18,1643.28,2039.905,205.24,3,5,1.43,0.04,1,0,21,44.8,281220.2262,8.356702187
PR_20201118,18-11-2020,Electronics,15,Swing,148,1,13,1771.035,2004.835,279.89,4,7,1.16,0.04,1,1,20.8,42.8,287494.3911,11.69036335
PR_20201119,19-11-2020,Textiles,5,Swing,134,3,19,2742.975,2363.05,381.68,3,3,2.34,0.02,1,1,22.3,45.9,413189.1455,6.939409632
PR_20201120,20-11-2020,Appliances,12,Unknown,181,6,8,3962.075,2065.79,301.07,3,2,1.76,0.04,0,0,23.2,37.1,734364.2636,21.70263789
PR_20201121,21-11-2020,Textiles,6,Swing,132,0,15,1301.765,1508.01,258.52,4,0,0.83,0.05,0,1,20.4,55,193774.5255,9.072164948
PR_20201122,22-11-2020,Furniture,19,Swing,150,0,17,4090.665,2231.955,110.76,4,7,2.12,0.02,1,2,24.3,49,652324.1693,8.645533141
PR_20201123,23-11-2020,Automotive,3,Swing,62,8,17,2418.16,2452.395,173.48,3,7,1.12,0.05,2,0,21.7,53,192769.2607,3.548941042
PR_20201124,24-11-2020,Furniture,18,Night,52,4,6,2782.22,2067.46,436.36,1,3,2.22,0.05,1,2,23.7,42.7,156046.47,9.454545455
PR_20201125,25-11-2020,Electronics,13,Swing,120,1,24,5010,1836.165,405.71,4,0,1.57,0.03,0,1,24.1,50,645047.6202,5.025125628
PR_20201126,26-11-2020,Textiles,7,Swing,132,9,18,3677.34,2265.355,133.49,4,3,1.89,0.02,0,2,24,52.6,526955.4907,7.19738277
PR_20201127,27-11-2020,Textiles,6,Swing,64,8,18,3731.615,1824.475,142.48,4,5,1.92,0.02,1,0,22.2,46,271828.1128,3.537866224
PR_20201128,28-11-2020,Automotive,4,Swing,196,5,14,3350.855,1442.045,473.54,2,4,0.6,0.03,2,1,19.6,57.5,677648.3916,13.5359116
PR_20201129,29-11-2020,Automotive,1,Unknown,64,4,9,1320.135,1355.205,418.99,3,4,1.97,0.05,1,1,22.4,31.3,96522.8604,7.207207207
PR_20201130,30-11-2020,Automotive,1,Swing,156,2,12,2186.03,1750.16,262.44,1,5,0.96,0.04,1,1,22.6,58.6,362442.6384,12.74509804
PR_20201201,01-12-2020,Automotive,2,Day,104,2,11,4026.37,2141.775,489.06,1,2,2.03,0.04,1,1,20.7,57,441852.2323,9.638554217
PR_20201202,02-12-2020,Furniture,18,Night,107,7,4,2244.48,2123.405,489.21,4,7,1.12,0.03,0,1,22,54.8,247867.3202,29.47658402
PR_20201203,03-12-2020,Furniture,19,Swing,130,5,22,1999.825,1918.83,499.09,4,5,0.69,0.02,2,1,21.8,48.1,302709.5941,5.837449484
PR_20201204,04-12-2020,Automotive,4,Swing,135,6,13,1120.57,1801.095,251.93,2,7,1.71,0.05,0,0,18,31.7,174114.8346,10.6466877
PR_20201205,05-12-2020,Automotive,1,Night,160,0,2,1101.365,2080.82,313.14,4,3,2.48,0.02,0,0,22.4,34,180359.2318,80.40201005
PR_20201206,06-12-2020,Furniture,19,Day,157,5,11,2279.55,2454.9,360.41,4,3,0.55,0.05,1,2,18.6,51.9,384034.035,14.74178404
PR_20201207,07-12-2020,Textiles,6,Day,158,2,11,2640.27,1614.055,427.39,3,6,0.53,0.05,2,0,20.5,59.9,434384.6269,14.80787254
PR_20201208,08-12-2020,Textiles,7,Night,80,8,3,3589.665,1954.735,177.71,3,0,0.87,0.02,0,1,21.2,51.5,293017.8577,26.75585284
PR_20201209,09-12-2020,Appliances,10,Night,68,4,6,3865.215,2311.28,230.9,2,3,0.77,0.02,0,2,23.2,33.9,275546.66,12.36363636
PR_20201210,10-12-2020,Textiles,7,Night,145,0,3,2170.165,1578.15,242.97,1,6,1.96,0.04,1,1,19.3,57.7,319076.9635,51.97132616
PR_20201211,11-12-2020,Textiles,6,Night,165,6,5,3652.29,1577.315,433.86,4,3,1.71,0.02,1,0,24.6,31.5,610025.4574,35.18123667
PR_20201212,12-12-2020,Appliances,11,Night,133,7,4,2651.125,2357.205,291.09,4,4,0.66,0.03,1,2,18.4,52.6,361156.2792,36.63911846
PR_20201213,13-12-2020,Appliances,12,Swing,122,2,22,4083.985,2457.405,331.54,1,4,0.73,0.03,1,1,18.4,32.3,551694.7287,5.609195402
PR_20201214,14-12-2020,Furniture,19,Swing,160,3,19,3938.695,2110.045,412.83,2,7,2.02,0.04,2,2,19,31.1,669965.5483,8.48806366
PR_20201215,15-12-2020,Automotive,4,Swing,186,0,21,3217.255,2059.945,354.95,3,6,0.93,0.05,2,0,19.1,50.7,641833.0706,8.823529412
PR_20201216,16-12-2020,Furniture,20,Night,187,9,4,1467.095,1912.15,465.54,4,4,0.79,0.01,2,0,22.1,40.4,282358.6735,44.6300716
PR_20201217,17-12-2020,Automotive,2,Swing,97,0,16,3923.665,2231.12,161.5,1,4,0.61,0.05,1,2,23.5,42.9,417163.5618,5.918242831
PR_20201218,18-12-2020,Textiles,8,Swing,144,7,22,1224.945,2461.58,288.62,1,4,2.09,0.04,1,2,23,45,229906.8292,6.623735051
PR_20201219,19-12-2020,Automotive,1,Swing,149,4,23,3567.955,1732.625,255.15,2,3,2.38,0.02,1,2,19.3,42.3,571354.3862,6.498037505
PR_20201220,20-12-2020,Appliances,10,Night,146,6,2,2485.795,1618.23,426.36,4,4,2.18,0.04,0,0,24.2,57.4,366712.7282,62.39316239
PR_20201221,21-12-2020,Appliances,11,Day,72,5,10,2877.41,2471.6,292.95,3,2,0.53,0.04,1,2,19.2,32.3,231197.472,7.407407407
PR_20201222,22-12-2020,Automotive,2,Day,155,9,9,3744.975,1886.265,468.49,1,5,1,0.02,1,2,22.2,40.3,598126.5654,16.55982906
PR_20201223,23-12-2020,Automotive,1,Night,126,6,5,3483.62,1470.435,212.21,2,3,2.12,0.04,0,1,21.6,37.4,446729.4255,23.77358491
PR_20201224,24-12-2020,Automotive,1,Night,74,9,5,1030.39,2356.37,198.56,1,2,2.05,0.05,1,0,22.3,37.1,86970.3435,16.26373626
PR_20201225,25-12-2020,Textiles,5,Day,75,6,10,2070.8,1383.595,334.59,3,3,0.87,0.02,1,2,19.7,36.4,168495.6604,7.869884575
PR_20201226,26-12-2020,Textiles,8,Swing,76,0,17,4076.47,1901.295,119.87,3,4,2.04,0.04,1,1,22,51.6,342837.2142,4.375359816
PR_20201227,27-12-2020,Textiles,7,Swing,81,6,18,2024.04,2202.73,364,1,3,1.13,0.04,0,1,20.6,39.5,203155.834,4.550561798
PR_20201228,28-12-2020,Textiles,5,Swing,63,8,14,3525.37,2353.865,406.67,4,5,2.48,0.01,1,2,22.8,53.1,255711.5022,4.411764706
PR_20201229,29-12-2020,Electronics,16,Swing,175,7,19,3268.19,1355.205,205.01,1,4,2.32,0.04,0,0,21,47.1,597790.5614,9.171907757
PR_20201230,30-12-2020,Electronics,13,Swing,151,0,17,4028.04,2101.695,242.64,1,3,2.25,0.02,1,1,18.2,41.3,644362.1771,8.784176847
PR_20201231,31-12-2020,Furniture,17,Swing,138,9,19,4007.165,2264.52,366.07,2,4,1.43,0.02,1,1,20.8,43.3,596694.006,7.150259067
PR_20210101,01-01-2021,Automotive,3,Swing,79,1,23,2362.215,2033.225,322.95,3,7,1.56,0.02,2,0,18.4,39.4,234233.1145,3.373185312
PR_20210102,02-01-2021,Textiles,5,Swing,177,6,14,1596.52,1573.14,351.09,1,5,1.87,0.04,1,1,23.2,37.2,305127.1362,12.3517097
PR_20210103,03-01-2021,Textiles,5,Swing,168,8,19,1840.34,2105.035,324.09,4,4,0.84,0.05,1,2,19.7,45.9,348393.9221,9.017713366
PR_20210104,04-01-2021,Appliances,11,Swing,185,2,20,1818.63,2386.43,299.08,1,2,1.61,0.02,1,2,19.3,44,384580.8431,9.17203768
PR_20210105,05-01-2021,Electronics,15,Swing,118,2,22,2939.2,2416.49,112.07,4,6,2.03,0.03,1,0,23.8,37.3,399988.38,5.363636364
PR_20210106,06-01-2021,Textiles,7,Swing,63,1,14,2060.78,2144.28,248.9,4,6,0.61,0.03,2,1,21.9,59.2,158862.6912,4.652880355
PR_20210107,07-01-2021,Automotive,1,Swing,110,0,22,3734.955,1536.4,341.52,3,6,0.95,0.01,1,1,24.3,38.6,444845.582,4.970628107
PR_20210108,08-01-2021,Appliances,10,Swing,162,4,13,1842.845,1528.885,419.75,4,0,2.17,0.02,1,1,20.4,33.7,319027.949,12.08955224
PR_20210109,09-01-2021,Furniture,18,Swing,70,0,17,4141.6,1708.41,445.04,1,5,1.32,0.02,0,1,19.7,42.1,318852.4654,4.132231405
PR_20210110,10-01-2021,Furniture,20,Day,78,5,9,3048.585,1489.64,244.7,1,6,0.82,0.01,2,1,19.9,34.1,251211.2864,8.657047725
PR_20210111,11-01-2021,Electronics,15,Swing,122,0,24,2023.205,1547.255,379.78,2,3,1.09,0.02,2,0,25,58.1,283439.0633,5.156382079
PR_20210112,12-01-2021,Automotive,1,Night,155,9,6,2792.24,1529.72,132.98,4,2,1.94,0.03,0,0,23.7,55.3,441975.52,25.83333333
PR_20210113,13-01-2021,Automotive,4,Night,140,5,7,2043.245,1379.42,244.87,3,1,1.74,0.04,1,2,23.2,37.3,295613.6806,20.2020202
PR_20210114,14-01-2021,Furniture,17,Night,186,3,7,2555.935,1915.49,163.68,4,6,1.7,0.05,1,0,19.2,35.1,488410.0871,27.39322533
PR_20210115,15-01-2021,Textiles,6,Day,145,9,11,2591.84,1600.695,288.01,2,3,1.31,0.04,1,2,18.3,42.8,392912.2226,13.57677903
PR_20210116,16-01-2021,Textiles,8,Swing,154,0,19,3390.935,2498.32,356.14,2,4,1.96,0.01,1,2,20.5,45.3,568822.6412,8.252947481
PR_20210117,17-01-2021,Appliances,11,Swing,123,1,24,2327.145,1777.715,476.43,2,3,2.01,0.03,0,0,24.7,43.9,328264.0176,5.203045685
PR_20210118,18-01-2021,Appliances,12,Swing,106,5,15,4003.825,2049.09,437.79,4,7,1.95,0.04,2,1,20.3,51.6,455572.1089,6.969099277
PR_20210119,19-01-2021,Automotive,1,Swing,77,4,15,1163.99,2442.375,165.7,3,1,2.1,0.03,1,0,22.9,55.2,126751.33,5.065789474
PR_20210120,20-01-2021,Electronics,16,Swing,78,9,13,1907.14,2248.655,405.21,2,2,1.05,0.02,0,2,20.9,35.3,178304.2467,5.936073059
PR_20210121,21-01-2021,Textiles,8,Swing,166,5,22,3329.98,2271.2,331.15,2,2,2.32,0.01,2,2,18.4,47,602175.28,7.632183908
PR_20210122,22-01-2021,Textiles,6,Unknown,100,7,9,2826.475,2426.51,427.73,4,4,1.18,0.03,1,1,19.7,48.5,303588.2813,11.58748552
PR_20210123,23-01-2021,Electronics,14,Night,146,8,5,1249.16,2312.95,290.74,2,4,1.05,0.02,2,1,24.3,38.3,194797.9015,27.18808194
PR_20210124,24-01-2021,Textiles,7,Night,90,1,6,3552.925,2370.565,180.67,3,7,1.82,0.04,2,0,24.8,38.8,334602.9869,14.37699681
PR_20210125,25-01-2021,Textiles,8,Swing,68,15,21,3052.76,2394.78,131,2,8,2.43,0.02,0,0,18.5,49.9,257351.2084,3.272377286
PR_20210126,26-01-2021,Electronics,15,Night,72,0,5,2785.56,1871.235,206.52,2,2,1.01,0.05,2,2,20.9,34.6,209729.3715,14.69387755
PR_20210127,27-01-2021,Electronics,14,Swing,117,8,12,3760.84,1452.9,177.66,3,5,0.88,0.04,1,1,20.2,40.4,458165.001,9.367493995
PR_20210128,28-01-2021,Appliances,10,Unknown,77,2,8,3621.395,2293.745,344.03,3,3,0.6,0.02,0,0,18.9,36.8,298114.873,9.166666667
PR_20210129,29-01-2021,Appliances,9,Night,123,0,5,1890.44,2307.105,357.85,4,2,1.44,0.01,1,1,18.6,47.4,244567.2081,23.56321839
PR_20210130,30-01-2021,Electronics,13,Swing,168,8,14,2654.465,1979.785,276.75,1,7,2.31,0.03,0,2,23.6,55.9,473983.8756,11.86440678
PR_20210131,31-01-2021,Electronics,16,Swing,121,3,21,3704.895,2229.45,282,3,3,2.3,0.04,1,1,24.8,38.8,494375.0265,5.853894533
PR_20210201,01-02-2021,Automotive,1,Unknown,83,0,8,1051.265,2396.45,446.46,4,6,2.04,0.02,2,2,20.9,38.5,107265.3525,9.94011976
PR_20210202,02-02-2021,Furniture,20,Night,195,0,4,1932.19,1919.665,157.68,3,4,1,0.01,2,1,20.1,39.4,383975.7938,52
PR_20210203,03-02-2021,Furniture,20,Swing,82,0,15,2132.59,1914.655,143.4,2,7,1.48,0.05,2,0,22.7,56.2,204224.0412,5.348988911
PR_20210204,04-02-2021,Electronics,13,Swing,104,0,18,1744.315,2386.43,128.84,1,4,0.73,0.02,0,1,20.9,35.9,224388.3643,5.774569684
PR_20210205,05-02-2021,Appliances,11,Swing,131,2,14,2533.39,1933.86,290.33,2,6,1.66,0.05,1,1,22.6,32.1,358677.3896,9.451659452
PR_20210206,06-02-2021,Textiles,5,Night,79,8,4,3494.475,2277.88,412.37,1,3,2.42,0.02,0,2,23.6,30.6,284491.681,21.35135135
PR_20210207,07-02-2021,Automotive,4,Night,52,3,1,2436.53,2292.91,367.86,1,2,2,0.04,2,1,20.7,51.9,129244.6901,46.84684685
PR_20210208,08-02-2021,Appliances,10,Night,199,8,3,977.785,1651.63,135.28,3,3,1.38,0.03,0,0,18,38.9,199501.0724,66.77852349
PR_20210209,09-02-2021,Automotive,2,Swing,193,7,22,3686.525,2501.66,301.68,4,1,1.82,0.04,2,0,22,56.1,767086.2102,8.685868587
PR_20210210,10-02-2021,Appliances,12,Swing,186,0,14,1519.7,2304.6,116.37,2,2,1.65,0.05,1,1,23.3,49,315573.888,13.02521008
PR_20210211,11-02-2021,Textiles,5,Day,129,6,10,2276.21,2171.835,150.94,3,1,1.81,0.03,1,2,21.8,31.6,314437.2693,13.46555324
PR_20210212,12-02-2021,Electronics,16,Night,88,5,5,903.47,1735.965,183.68,2,3,0.62,0.03,1,1,21,50.3,88549.73765,16.89059501
PR_20210213,13-02-2021,Furniture,20,Swing,175,9,17,2302.93,1461.25,271.39,4,3,1.77,0.04,1,1,24.5,30.1,427970.9,10.24590164
PR_20210214,14-02-2021,Electronics,14,Swing,112,5,19,2086.665,1679.185,246.52,2,3,1.64,0.02,1,2,24.6,44.7,264905.7373,6.027987083
PR_20210215,15-02-2021,Appliances,12,Swing,150,4,20,1800.26,1364.39,372.38,2,2,2.48,0.02,1,0,23,45.5,296740.1123,7.664793051
PR_20210216,16-02-2021,Appliances,9,Night,174,9,1,3965.415,2337.165,404.31,1,1,0.64,0.02,0,2,22.2,35,693300.9843,122.5352113
PR_20210217,17-02-2021,Automotive,1,Swing,172,5,19,3100.355,2210.245,462.9,4,5,1.24,0.02,1,1,19.3,38.6,574614.744,9.192944949
PR_20210218,18-02-2021,Textiles,8,Night,165,0,5,3892.77,1553.1,342.88,3,6,2.2,0.03,0,1,19.8,41.4,649575.558,35.25641026
PR_20210219,19-02-2021,Furniture,18,Swing,172,0,19,2393.945,1506.34,203.88,2,2,1.32,0.04,1,1,24.5,31.9,440861.0288,8.902691511
PR_20210220,20-02-2021,Automotive,4,Night,192,8,4,2558.44,1564.79,304.2,2,3,2.48,0.02,0,1,23.7,38.5,498215.0913,42.95302013
PR_20210221,21-02-2021,Textiles,8,Night,74,2,7,4003.825,1775.21,355.72,3,4,0.65,0.04,1,2,24.5,40.6,308052.6923,11.16138763
PR_20210222,22-02-2021,Textiles,5,Swing,80,9,19,2363.885,1864.555,173.5,4,4,0.55,0.03,1,2,23.1,56.6,224332.244,4.235044997
PR_20210223,23-02-2021,Electronics,14,Swing,109,2,15,938.54,1356.875,266.67,1,5,1.97,0.04,1,2,23.6,50.6,123291.7163,7.045895281
PR_20210224,24-02-2021,Electronics,13,Night,99,0,2,2990.135,1348.525,227.7,4,3,2.4,0.03,2,1,23.5,55.5,298450.71,55
PR_20210225,25-02-2021,Textiles,8,Night,193,9,5,1496.32,1690.04,358.3,1,3,0.61,0.05,1,1,24.7,40.1,296918.8524,40.12474012
PR_20210226,26-02-2021,Furniture,17,Night,122,5,6,4019.69,2042.41,136.82,3,4,1.89,0.04,1,0,22.8,59,503289.7871,19.33438986
PR_20210227,27-02-2021,Furniture,17,Swing,79,6,20,1067.13,2108.375,428.31,3,5,1.39,0.03,1,2,20.8,45.3,127293.0363,3.874448259
PR_20210228,28-02-2021,Appliances,12,Swing,89,4,15,3832.65,2102.53,138.25,1,5,1.51,0.04,1,2,18.4,35.3,372896.1036,5.886243386
PR_20210301,01-03-2021,Appliances,9,Night,91,8,5,1319.3,1906.305,432.74,4,7,1.92,0.03,1,1,22.3,45.4,130045.3382,17.36641221
PR_20210302,02-03-2021,Automotive,1,Night,126,8,7,1696.72,2451.56,155.47,1,4,0.95,0.02,1,2,24,51.8,230628.9372,18.34061135
PR_20210303,03-03-2021,Textiles,7,Day,178,0,11,1342.68,2200.225,409.81,4,2,1.54,0.02,1,2,19.4,56.9,264211.6185,15.53228621
PR_20210304,04-03-2021,Furniture,20,Night,161,0,3,1948.055,1862.885,446.39,4,4,1.85,0.01,1,0,22.1,35.6,319095.108,54.94880546
PR_20210305,05-03-2021,Appliances,11,Day,91,0,11,1191.545,1836.165,331.26,4,5,0.85,0.02,1,1,18.6,41.7,127710.3275,8.666666667
PR_20210306,06-03-2021,Appliances,9,Swing,84,2,19,2084.995,1928.85,461.98,2,3,1.28,0.01,2,2,22.3,46,212269.9425,4.363636364
PR_20210307,07-03-2021,Appliances,9,Day,146,0,10,1871.235,1680.855,217.04,1,3,1.45,0.02,1,0,24.9,58.1,290176.9455,14.45544554
PR_20210308,08-03-2021,Appliances,12,Swing,167,8,19,3313.28,2378.08,234.12,1,2,0.64,0.03,1,0,20,36.5,598667.7456,8.757210278
PR_20210309,09-03-2021,Furniture,17,Swing,95,8,15,2876.575,1901.295,250.32,1,5,2.48,0.02,2,2,19.4,54.6,302497.5292,6.180871828
PR_20210310,10-03-2021,Textiles,7,Day,67,1,10,3117.89,2062.45,484.98,2,1,0.51,0.04,1,0,23.2,30.5,230141.865,6.504854369
PR_20210311,11-03-2021,Automotive,2,Swing,128,9,22,2474.105,1525.545,128.28,1,6,0.71,0.01,1,1,21.9,50.1,349560.9348,5.939675174
PR_20210312,12-03-2021,Automotive,1,Day,151,4,11,3684.02,1586.5,103.17,3,3,1.84,0.05,0,2,21.5,40.8,573976.495,13.5426009
PR_20210313,13-03-2021,Appliances,10,Swing,159,4,18,2016.525,2418.995,120.79,4,5,0.6,0.03,1,0,23.2,52.7,363927.4855,8.882681564
PR_20210314,14-03-2021,Automotive,2,Swing,185,5,19,2178.515,1319.3,295.71,2,6,2.38,0.01,0,0,22.2,31.4,428606.502,9.541000516
PR_20210315,15-03-2021,Appliances,9,Swing,80,1,22,1158.145,1680.02,188.16,1,6,2.43,0.01,2,2,24.5,59.6,129729.6414,3.624830086
PR_20210316,16-03-2021,Furniture,17,Night,63,6,7,4171.66,1873.74,294.84,3,6,1.46,0.05,1,1,20.7,47.7,276642.7812,8.536585366
PR_20210317,17-03-2021,Textiles,6,Night,198,9,6,2345.515,1670,312.87,2,3,1.67,0.03,2,0,20.1,31.1,473814.07,35.1687389
PR_20210318,18-03-2021,Electronics,13,Day,120,0,11,3893.605,1712.585,293.82,4,5,2.26,0.05,2,2,23,32.4,486601.9364,10.61007958
PR_20210319,19-03-2021,Furniture,17,Swing,104,9,21,3683.185,2502.495,279.32,2,4,0.96,0.03,0,1,23.8,44,435928.9593,4.921911973
PR_20210320,20-03-2021,Automotive,2,Unknown,160,3,9,1700.895,1980.62,257.27,1,5,1.34,0.02,1,0,19.2,51.3,289136.9196,18.64801865
PR_20210321,21-03-2021,Electronics,14,Night,109,7,7,2509.175,1902.13,229.22,4,6,2.27,0.04,1,1,24,48.3,287366.6027,14.95198903
PR_20210322,22-03-2021,Automotive,1,Night,75,3,2,2799.755,1781.89,229.26,2,4,1.22,0.04,1,0,21.9,34.5,213224.6648,41.20879121
PR_20210323,23-03-2021,Furniture,20,Swing,157,0,17,3657.3,2226.11,184.38,4,6,2.36,0.03,0,0,22.2,50.4,612284.8421,9.175920514
PR_20210324,24-03-2021,Automotive,3,Swing,82,2,17,1160.65,2157.64,258.88,3,1,1.87,0.02,0,1,21.3,53.7,132068.944,4.795321637
PR_20210325,25-03-2021,Automotive,4,Swing,145,7,20,3601.355,2059.11,319.49,1,5,1.98,0.04,0,1,19.6,58.2,563769.9059,7.181773155
PR_20210326,26-03-2021,Textiles,7,Swing,193,6,12,1209.08,1471.27,475.81,2,1,1.81,0.01,0,1,24.1,54.4,251596.188,15.56451613
PR_20210327,27-03-2021,Automotive,3,Swing,178,5,21,2333.825,1401.13,390.05,1,3,2.01,0.03,1,1,24.6,33.9,445517.1224,8.286778399
PR_20210328,28-03-2021,Furniture,17,Night,158,6,3,3714.915,1867.895,464.29,1,4,2.21,0.04,0,2,22.4,41.6,592522.8971,53.02013423
PR_20210329,29-03-2021,Automotive,4,Swing,177,8,14,1615.725,2253.665,187.39,2,3,2.39,0.03,1,2,19.6,49.8,317421.9518,12.68817204
PR_20210330,30-03-2021,Textiles,8,Day,64,2,12,989.475,1340.175,199.36,3,2,0.9,0.03,0,1,23.9,58.8,79368.29475,5.346700084
PR_20210331,31-03-2021,Textiles,5,Swing,77,7,22,994.485,2376.41,221.48,1,4,2.45,0.02,1,1,20,31.4,128000.8574,3.558225508
PR_20210401,01-04-2021,Automotive,4,Swing,55,0,22,1465.425,2317.125,486.89,1,4,2.14,0.03,1,1,19,58,131320.2413,2.512562814
PR_20210402,02-04-2021,Furniture,17,Swing,184,3,23,2641.94,1510.515,311.11,2,2,1.54,0.02,1,1,21.3,46.3,521553.6419,7.843137255
PR_20210403,03-04-2021,Textiles,6,Day,86,9,9,3816.785,1767.695,428.92,2,2,1.32,0.03,2,2,23.1,50,344329.5345,9.450549451
PR_20210404,04-04-2021,Textiles,6,Day,56,7,10,3203.06,1330.155,425.46,1,0,1.35,0.01,2,1,20,34.7,192313.7682,5.755395683
PR_20210405,05-04-2021,Textiles,5,Night,102,4,5,3523.7,1310.115,454.2,1,6,1.71,0.02,1,1,18.4,46,366531.3245,18.78453039
PR_20210406,06-04-2021,Automotive,1,Swing,141,7,18,1658.31,1774.375,182.31,4,3,1.9,0.05,1,2,24.5,45.6,265902.41,7.798672566
PR_20210407,07-04-2021,Textiles,8,Swing,90,6,20,2112.55,1661.65,307.07,2,6,1.87,0.03,1,0,18.7,40.3,223628.364,4.464285714
PR_20210408,08-04-2021,Automotive,2,Swing,151,3,21,2585.995,2262.015,337.01,1,4,0.96,0.05,1,2,19.3,38.5,437082.754,7.330097087
PR_20210409,09-04-2021,Automotive,1,Swing,190,7,24,2063.285,1594.015,305.4,4,5,1.61,0.01,0,0,23.7,51.8,429929.8267,7.989907485
PR_20210410,10-04-2021,Automotive,3,Swing,61,0,14,3347.515,2231.12,441.6,2,4,1.57,0.04,1,0,22.5,55.1,235277.9166,4.379038047
PR_20210411,11-04-2021,Automotive,1,Night,163,0,6,4075.635,1634.93,474.96,4,3,0.91,0.03,1,0,19.9,43.3,674023.6399,27.48735245
PR_20210412,12-04-2021,Furniture,17,Swing,158,4,15,3404.295,1944.715,188.48,3,7,1.3,0.02,1,1,23.8,48.7,566718.7335,10.65407957
PR_20210413,13-04-2021,Appliances,12,Day,130,5,9,3975.435,2322.135,123.15,4,3,1.69,0.03,1,0,20.9,58,538495.2909,13.91862955
PR_20210414,14-04-2021,Furniture,20,Unknown,84,6,9,4103.19,1457.91,394.32,4,6,2.3,0.02,2,0,18.1,58.3,357322.6188,9.677419355
PR_20210415,15-04-2021,Automotive,2,Swing,66,0,17,1907.975,1690.04,303.8,2,2,1.19,0.04,0,1,20,57.2,154842.9344,3.857393337
PR_20210416,16-04-2021,Electronics,16,Night,104,3,6,2892.44,2160.145,475.5,4,2,1.01,0.04,1,1,21.3,58.4,313061.7822,18.34215168
PR_20210417,17-04-2021,Automotive,4,Swing,195,5,14,3395.11,1514.69,383.73,3,7,0.69,0.01,1,2,22.1,42.5,682540.2057,14.41241685
PR_20210418,18-04-2021,Electronics,13,Night,138,6,4,2902.46,1340.175,224.95,3,4,1.71,0.02,1,0,23.4,52.3,406221.822,32.54716981
PR_20210419,19-04-2021,Electronics,15,Swing,183,6,21,2833.155,2479.115,312.5,4,2,1.99,0.02,0,1,19.1,45.8,571743.5463,8.515588646
PR_20210420,20-04-2021,Automotive,2,Night,163,1,3,2064.955,1685.865,459.42,4,6,0.9,0.05,1,2,23.4,52.9,341712.6946,53.61842105
PR_20210421,21-04-2021,Appliances,11,Swing,151,2,22,2606.035,2353.03,439.32,2,3,1.73,0.04,1,2,21.4,54.8,446313.2782,6.729055258
PR_20210422,22-04-2021,Automotive,1,Swing,167,4,24,1973.105,1528.885,286.88,2,4,2.44,0.02,0,1,18.3,48.8,366186.4862,6.961233847
PR_20210423,23-04-2021,Automotive,3,Night,199,2,6,1589.005,1916.325,188.72,3,4,1.88,0.01,1,0,21.3,31,328514.8015,30.99688474
PR_20210424,24-04-2021,Automotive,3,Night,197,5,3,2104.2,2339.67,142.54,4,5,1.7,0.04,0,2,19.8,53.3,421850.5671,62.93929712
PR_20210425,25-04-2021,Electronics,16,Night,187,3,2,2169.33,1330.155,168.68,4,6,0.63,0.01,0,2,19.7,59.9,407965.8782,108.0924855
PR_20210426,26-04-2021,Appliances,9,Night,104,0,4,1316.795,2196.885,276.85,3,0,2.47,0.05,0,2,20.4,52.1,146503.1298,23.90804598
PR_20210427,27-04-2021,Appliances,9,Swing,114,5,22,2466.59,1418.665,386.63,3,6,1.44,0.02,0,2,22,30.7,312472.8233,5.170068027
PR_20210428,28-04-2021,Textiles,6,Swing,165,9,18,2962.58,1538.07,168.7,4,3,1.5,0.02,1,0,22.1,53,516187.9653,9.274873524
PR_20210429,29-04-2021,Automotive,3,Night,133,3,3,5010,1697.555,373.07,3,5,2.09,0.03,1,0,24.5,47.2,671626.3716,42.62820513
PR_20210430,30-04-2021,Automotive,1,Swing,142,6,23,2608.54,1623.24,221.86,2,6,1.43,0.05,2,2,24.4,55.7,407925.7564,6.144526179
PR_20210501,01-05-2021,Automotive,2,Swing,64,0,16,1128.085,1720.1,350.34,1,3,1.51,0.03,0,2,22,34.9,99822.246,3.98505604
PR_20210502,02-05-2021,Furniture,20,Swing,193,2,22,3694.875,2123.405,294.49,1,7,2.14,0.02,2,1,18.7,55.2,760632.6789,8.623771224
PR_20210503,03-05-2021,Automotive,1,Swing,124,3,17,2200.225,1558.11,449.18,3,4,0.93,0.03,0,0,18.7,58.3,299954.5951,7.122343481
PR_20210504,04-05-2021,Appliances,10,Day,64,9,10,1647.455,2020.7,469.83,3,6,0.89,0.05,1,2,18.5,44.1,124916.668,6.639004149
PR_20210505,05-05-2021,Electronics,15,Night,99,4,3,2095.85,1997.32,253.99,1,2,1.11,0.02,2,0,21.5,43.9,212582.316,38.82352941
PR_20210506,06-05-2021,Automotive,1,Night,198,8,1,3011.845,1555.605,247.79,3,4,1.59,0.05,0,1,21.3,51.9,598492.0449,143.4782609
PR_20210507,07-05-2021,Automotive,3,Swing,97,1,15,2430.685,1352.7,345.16,3,1,1.76,0.03,1,0,20,39.4,256093.999,6.458055925
PR_20210508,08-05-2021,Automotive,4,Swing,150,18,13,2849.02,1566.46,217.3,2,7,2.11,0.04,1,0,23.7,55.1,447027.7376,11.94267516
PR_20210509,09-05-2021,Textiles,7,Swing,127,0,14,2825.64,2066.625,334.31,1,5,1.21,0.03,1,0,19.2,55.5,388491.6825,8.856345886
PR_20210510,10-05-2021,Textiles,7,Swing,87,7,23,3157.97,1571.47,264.67,3,4,0.92,0.03,1,1,24,49,311154.3499,3.754855416
PR_20210511,11-05-2021,Furniture,20,Swing,191,4,22,3947.88,1518.865,290.61,4,4,1.33,0.03,2,0,18,45.7,787125.9597,8.769513315
PR_20210512,12-05-2021,Electronics,15,Day,111,8,9,3016.02,2425.675,416.44,4,3,0.85,0.03,0,2,22.6,55.1,357118.6868,12.05211726
PR_20210513,13-05-2021,Automotive,4,Unknown,96,5,8,1386.1,2453.23,144.27,1,4,1.04,0.02,1,2,23.9,35.4,153476.4736,11.53846154
PR_20210514,14-05-2021,Electronics,15,Night,177,1,8,2358.875,1752.665,159.5,2,3,0.64,0.04,0,1,23.9,33.6,430718.4425,23.5059761
PR_20210515,15-05-2021,Automotive,2,Swing,119,1,23,1471.27,2226.11,145.94,4,6,0.65,0.03,1,2,21.4,31.1,225457.9993,5.258506407
PR_20210516,16-05-2021,Electronics,16,Swing,88,7,22,1290.91,1342.68,348.73,4,7,0.92,0.02,2,1,20.2,30.1,142991.3452,4.020100503
PR_20210517,17-05-2021,Electronics,14,Swing,120,3,23,3321.63,2385.595,447.05,4,4,1.16,0.04,0,0,21,49.9,452390.7673,5.321507761
PR_20210518,18-05-2021,Textiles,5,Night,133,9,6,1353.535,1685.865,460.8,3,5,2.39,0.02,2,1,22.1,36.5,190691.6805,21.01105845
PR_20210519,19-05-2021,Textiles,5,Day,162,7,12,3442.705,2211.915,309.25,3,5,1.47,0.04,0,2,24.9,55.6,583840.9261,13.71718882
PR_20210520,20-05-2021,Automotive,4,Day,130,8,9,2580.15,2074.14,359.35,1,5,0.75,0.02,2,1,24.8,42.2,354439.3638,14.17666303
PR_20210521,21-05-2021,Electronics,15,Unknown,82,3,8,2251.16,1756.84,376.15,3,4,0.87,0.03,0,1,23.9,48.7,199405.2812,9.727164887
PR_20210522,22-05-2021,Electronics,14,Night,100,9,3,3751.655,1348.525,284.4,3,2,1.02,0.03,0,2,23.1,50.4,379507.7505,31.05590062
PR_20210523,23-05-2021,Appliances,11,Swing,94,4,20,3841,2023.205,360.93,4,5,2.31,0.03,0,1,18.1,47.1,402185.7577,4.623708805
PR_20210524,24-05-2021,Electronics,16,Night,83,0,8,1554.77,1342.68,241.52,4,4,1.23,0.03,1,2,20.4,33.7,139559.0944,10.60025543
PR_20210525,25-05-2021,Appliances,10,Day,96,9,9,3507,2454.065,350.98,2,4,2.37,0.04,2,0,19.1,41.5,358954.9102,10.57268722
PR_20210526,26-05-2021,Electronics,16,Swing,86,7,15,2859.04,1789.405,298.52,4,2,0.67,0.03,1,0,24.9,31.8,272611.1507,5.756358768
PR_20210527,27-05-2021,Furniture,17,Swing,166,9,22,2492.475,1617.395,164.35,1,5,2.23,0.03,1,2,21.7,35.6,449818.7585,7.443946188
PR_20210528,28-05-2021,Automotive,3,Swing,180,5,18,1629.085,1513.02,438,2,6,1.41,0.04,1,1,20.8,41.3,319955.2332,10.19252548
PR_20210529,29-05-2021,Textiles,7,Swing,126,5,16,3515.35,1346.02,206.35,1,3,2.29,0.02,0,2,19.2,52,464187.7558,7.979734009
PR_20210530,30-05-2021,Furniture,20,Night,59,1,3,3779.21,2139.27,141.73,1,4,1.99,0.04,1,1,23.7,45.4,229819.054,18.4375
PR_20210531,31-05-2021,Appliances,10,Swing,198,3,15,3272.365,2493.31,432.31,3,2,1.02,0.01,0,2,24.9,51.2,686175.6454,12.90743155
PR_20210601,01-06-2021,Electronics,15,Night,128,5,7,1756.84,1827.815,445.92,1,5,1.28,0.03,2,1,22.1,46.2,237889.5628,17.97752809
PR_20210602,02-06-2021,Automotive,1,Swing,121,0,16,1072.14,2135.095,119.26,4,2,1.92,0.03,2,0,19.5,30.8,163271.2824,7.702100573
PR_20210603,03-06-2021,Electronics,16,Unknown,167,9,9,2434.86,1859.545,474.88,4,3,0.97,0.04,1,1,21.1,44.9,422483.5389,19.57796014
PR_20210604,04-06-2021,Automotive,2,Night,104,0,3,1730.955,1759.345,128.03,3,0,1.86,0.03,1,1,24.9,34,184875.1122,37.68115942
PR_20210605,05-06-2021,Textiles,6,Swing,116,4,20,1978.115,1706.74,183.51,3,3,1.64,0.04,0,2,23.6,55.5,264330.0382,5.677924621
PR_20210606,06-06-2021,Textiles,5,Swing,113,3,14,1937.2,2373.07,102.52,3,2,1.18,0.02,0,0,21.4,48.4,251557.0432,8.212209302
PR_20210607,07-06-2021,Automotive,4,Night,51,5,7,1539.74,2205.235,105.86,4,2,1.88,0.02,2,1,22.6,49,94999.84545,6.827309237
PR_20210608,08-06-2021,Electronics,15,Day,82,5,9,4123.23,2327.98,133.98,3,1,2.36,0.03,2,2,19.9,48.4,359568.8356,8.893709328
PR_20210609,09-06-2021,Appliances,10,Swing,88,4,15,3692.37,1373.575,454.17,4,6,2.31,0.02,2,1,21.3,43.4,345820.6357,5.785667324
PR_20210610,10-06-2021,Furniture,18,Swing,114,8,17,1111.385,1705.905,122.85,3,2,1.57,0.05,1,0,22.2,38.1,155067.0902,6.855081179
PR_20210611,11-06-2021,Appliances,12,Swing,109,1,12,3636.425,1513.855,397.95,2,4,1.95,0.04,0,2,23.9,35.6,414839.356,8.93442623
PR_20210612,12-06-2021,Textiles,5,Swing,66,7,13,918.5,1467.095,328.41,4,1,1.29,0.04,2,0,20.4,44.5,79825.27355,5.042016807
PR_20210613,13-06-2021,Textiles,6,Night,126,3,3,3615.55,2357.205,415.05,4,1,0.97,0.04,1,0,23.5,46.4,463691.6572,36.52173913
PR_20210614,14-06-2021,Electronics,15,Night,146,0,4,1485.465,2366.39,432.93,1,2,1.81,0.04,1,2,21.2,43.5,227242.6782,33.33333333
PR_20210615,15-06-2021,Furniture,17,Night,140,2,6,2401.46,1968.93,268.95,3,5,1.06,0.04,0,1,20.4,49.4,347683.2619,24.01372213
PR_20210616,16-06-2021,Automotive,1,Swing,107,1,13,1899.625,1577.315,160.91,4,4,1.06,0.01,1,2,20.1,47.7,224080.433,8.106060606
PR_20210617,17-06-2021,Textiles,5,Day,145,9,11,2765.52,2473.27,100.59,4,3,1.96,0.03,0,1,23.6,39.9,427365.4582,13.60225141
PR_20210618,18-06-2021,Electronics,14,Swing,55,2,14,2325.475,1390.275,455.34,1,1,2.26,0.02,0,0,18.7,34.2,147545.7108,3.892427459
PR_20210619,19-06-2021,Appliances,10,Night,176,0,5,953.57,2225.275,317.78,4,6,1.53,0.01,1,1,22.9,36.9,178910.1895,35.34136546
PR_20210620,20-06-2021,Automotive,2,Swing,100,2,23,3344.175,1664.155,305.61,2,5,0.59,0.05,1,0,22.9,38.1,373125.7453,4.299226139
PR_20210621,21-06-2021,Furniture,17,Swing,142,9,15,2443.21,1756.84,396.36,4,4,1.93,0.05,0,2,18.8,51.6,373551.946,9.372937294
PR_20210622,22-06-2021,Textiles,7,Night,105,9,4,1536.4,2255.335,231.1,2,6,2.01,0.05,2,1,18.8,57.5,170230.5732,26.58227848
PR_20210623,23-06-2021,Furniture,20,Day,188,6,10,2823.97,1297.59,497.41,4,3,2.38,0.04,0,2,19.8,34.3,543259.4168,19.74789916
PR_20210624,24-06-2021,Automotive,1,Swing,149,4,24,1447.89,1839.505,327.24,3,2,1.6,0.01,0,2,20,40.8,259037.5577,6.329651657
PR_20210625,25-06-2021,Textiles,7,Swing,56,6,23,2650.29,1766.025,128.44,3,2,1.66,0.02,2,2,20.3,31.1,189441.0008,2.41067585
PR_20210626,26-06-2021,Automotive,2,Night,83,4,3,2271.2,1580.655,169.15,4,3,1.93,0.01,1,1,23.6,35.2,192635.1095,31.80076628
PR_20210627,27-06-2021,Textiles,8,Swing,184,2,20,2620.23,2459.075,219.51,3,4,1.51,0.02,0,1,23.4,40.1,531574.3183,9.149676778
PR_20210628,28-06-2021,Automotive,1,Swing,179,6,16,2751.325,1875.41,162.06,4,2,0.91,0.02,1,0,19.4,37.6,522043.6366,11.35786802
PR_20210629,29-06-2021,Electronics,16,Night,85,2,5,973.61,1796.92,463.31,1,2,2.13,0.03,1,0,21,51.3,92208.6492,16.15969582
PR_20210630,30-06-2021,Electronics,14,Swing,157,2,20,2963.415,2115.89,283.18,1,2,1.77,0.02,1,0,24.2,32.2,507912.4974,7.787698413
PR_20210701,01-07-2021,Appliances,10,Swing,119,7,16,1835.33,2183.525,267.45,4,1,1.07,0.02,1,0,21,51.8,252707.4478,7.574793125
PR_20210702,02-07-2021,Automotive,4,Night,121,7,4,1968.93,1581.49,401.74,1,3,2.44,0.05,0,2,21.2,47.5,243933.894,33.61111111
PR_20210703,03-07-2021,Appliances,9,Swing,65,5,21,3419.325,1632.425,429.72,3,1,2.16,0.02,0,0,21,45.3,255720.8375,3.170731707
PR_20210704,04-07-2021,Electronics,14,Swing,56,7,18,1441.21,1300.095,204.89,1,8,1.2,0.03,0,1,18.7,44.8,104707.5137,3.033586132
PR_20210705,05-07-2021,Textiles,6,Night,185,0,1,1964.755,2494.98,118.92,3,1,0.53,0.02,2,1,20,46.7,366398.8016,158.1196581
PR_20210706,06-07-2021,Automotive,3,Night,172,2,7,1062.12,1252.5,156.9,3,4,2.42,0.04,0,1,19,55.7,191264.265,25.10948905
PR_20210707,07-07-2021,Textiles,5,Night,50,1,7,4060.605,1853.7,444.11,4,3,0.71,0.01,1,0,24.8,44.6,216376.89,6.944444444
PR_20210708,08-07-2021,Textiles,5,Day,153,5,12,1593.18,1809.445,266.71,3,5,1.16,0.02,1,2,19.5,50.2,264691.8187,13.2238548
PR_20210709,09-07-2021,Appliances,10,Night,167,6,6,3762.51,2260.345,189.63,3,4,0.87,0.05,0,1,23.9,32.3,642579.3435,26.50793651
PR_20210710,10-07-2021,Appliances,12,Swing,123,4,20,2847.35,1339.34,494.73,2,7,2.29,0.02,1,1,23.3,46.4,377064.4236,6.137724551
PR_20210711,11-07-2021,Electronics,13,Swing,135,2,17,2270.365,1642.445,187.31,4,4,1.17,0.01,0,0,23.9,45.8,334650.7823,7.876312719
PR_20210712,12-07-2021,Textiles,8,Night,81,0,2,2775.54,2156.805,421.34,4,3,1.05,0.02,2,1,18.7,59.5,228463.7405,47.92899408
PR_20210713,13-07-2021,Furniture,20,Swing,77,0,17,2730.45,2479.115,499.89,4,6,1.41,0.03,0,1,21.8,38.1,253034.1749,4.461181924
PR_20210714,14-07-2021,Textiles,7,Swing,101,0,23,2828.98,2499.99,156.25,1,1,2.49,0.03,0,1,25,30.6,342926.7512,4.414335664
PR_20210715,15-07-2021,Electronics,14,Swing,152,2,12,1966.425,1477.95,372.11,3,4,1.54,0.03,1,0,24.6,57.5,317164.062,12.29773463
PR_20210716,16-07-2021,Furniture,20,Night,67,1,5,3791.735,1341.845,433.63,3,1,0.56,0.02,1,1,19.5,45.5,261010.4205,12.90944123
PR_20210717,17-07-2021,Textiles,5,Swing,136,2,21,3440.2,1868.73,468.28,2,1,1.76,0.02,1,1,24.9,34.3,507577.7125,6.4
PR_20210718,18-07-2021,Automotive,4,Swing,153,4,16,4100.685,1296.755,218.22,4,4,1.6,0.04,0,2,24.6,33.4,648373.3334,9.461966605
PR_20210719,19-07-2021,Textiles,8,Day,142,4,11,3620.56,1841.175,131.55,3,3,0.66,0.05,1,0,23,59.3,534077.857,13.099631
PR_20210720,20-07-2021,Appliances,10,Day,199,0,10,2046.585,2435.695,115.35,2,3,2.2,0.04,0,1,23.6,41.2,432796.4986,18.98854962
PR_20210721,21-07-2021,Automotive,1,Night,159,2,7,1897.12,2307.105,243.13,3,6,0.68,0.04,1,1,23.9,46.5,318922.2965,21.22830441
PR_20210722,22-07-2021,Appliances,10,Night,191,4,3,2393.945,1310.115,160.97,4,5,0.62,0.03,2,1,21.9,39.3,461750.2906,55.52325581
PR_20210723,23-07-2021,Textiles,5,Swing,170,3,21,1034.565,1280.055,245.42,2,3,1.98,0.02,2,1,23.2,30.5,202834.0083,8.072174739
PR_20210724,24-07-2021,Furniture,17,Swing,152,1,24,2148.455,1777.715,459.09,1,1,1.46,0.04,2,2,20,53.1,368537.0112,6.437950021
PR_20210725,25-07-2021,Appliances,9,Swing,165,9,23,945.22,1391.11,193.05,2,4,0.61,0.04,0,0,24.8,47.6,187622.9636,7.249560633
PR_20210726,26-07-2021,Appliances,11,Night,168,4,5,1409.48,1715.925,333.14,2,1,1.58,0.03,1,1,20.7,48.6,245183.5133,34.35582822
PR_20210727,27-07-2021,Furniture,17,Day,91,2,11,1882.925,2126.745,490.91,2,5,1.29,0.04,1,2,24.2,50.5,193974.7418,8.552631579
PR_20210728,28-07-2021,Furniture,17,Night,127,4,8,2984.29,1673.34,251.92,2,7,1.97,0.01,2,2,18.1,34.5,391906.2814,16.47211414
PR_20210729,29-07-2021,Furniture,17,Unknown,98,0,9,4088.16,1710.08,185.71,2,0,0.59,0.01,0,0,20.2,41.5,415842.2912,11.02362205
PR_20210730,30-07-2021,Furniture,19,Unknown,62,0,8,1375.245,1352.7,478.66,3,2,1.21,0.04,1,2,20.9,44,96668.451,7.354685647
PR_20210731,31-07-2021,Appliances,11,Swing,89,4,22,1166.495,2384.76,332.14,2,5,1.48,0.05,1,0,19.6,52.9,157188.9838,3.976764969
PR_20210801,01-08-2021,Electronics,16,Swing,164,8,23,3924.5,2287.065,121.86,2,6,1.61,0.02,1,2,19.5,49,695717.3407,7.199297629
PR_20210802,02-08-2021,Textiles,5,Night,199,6,2,2494.98,1724.275,151.68,4,4,1.91,0.05,1,0,21,43.1,499828.8708,103.1088083
PR_20210803,03-08-2021,Automotive,1,Swing,68,7,13,2879.915,1950.56,332.35,2,5,1.24,0.05,1,0,18.9,42,221835.1848,5.101275319
PR_20210804,04-08-2021,Furniture,20,Swing,115,6,16,904.305,1870.4,293.35,3,6,0.93,0.01,0,0,20.7,53.1,134332.963,7.09001233
PR_20210805,05-08-2021,Textiles,5,Night,93,8,7,1925.51,1523.04,279.23,2,1,1.33,0.03,1,1,24.6,46.2,189200.646,13.98496241
PR_20210806,06-08-2021,Textiles,5,Night,72,8,2,2521.7,1541.41,318.87,3,5,1.06,0.03,0,0,23,59.6,185277.1981,29.87551867
PR_20210807,07-08-2021,Electronics,13,Night,136,0,3,1702.565,1877.915,245.29,2,2,1.93,0.02,2,1,24.5,30.8,236675.548,49.81684982
PR_20210808,08-08-2021,Electronics,16,Swing,69,1,18,3525.37,1782.725,433.48,4,4,0.6,0.03,0,0,24.9,52.9,275286.0983,3.839732888
PR_20210809,09-08-2021,Appliances,10,Day,146,5,9,2861.545,1761.015,478.46,3,4,2.39,0.04,1,1,23.9,34.5,434339.111,15.53191489
PR_20210810,10-08-2021,Textiles,8,Swing,190,7,14,4025.535,2301.26,225.97,3,2,2.27,0.05,1,2,24.5,56,797023.2648,13.59084406
PR_20210811,11-08-2021,Appliances,11,Unknown,160,3,8,3163.815,1281.725,371.46,2,4,1.15,0.02,1,0,23.7,38.2,516823.083,19.3236715
PR_20210812,12-08-2021,Appliances,10,Swing,52,0,20,1348.525,2456.57,251.63,3,2,0.71,0.02,1,2,22,37.3,118615.9918,2.634245187
PR_20210813,13-08-2021,Textiles,5,Night,171,1,3,2580.15,2243.645,162.69,2,6,1.82,0.03,1,2,20,45.7,448273.1318,54.28571429
PR_20210814,14-08-2021,Electronics,16,Night,106,5,1,1350.195,2373.07,183.87,4,2,2.4,0.02,1,1,22.2,43.6,146324.3145,78.51851852
PR_20210815,15-08-2021,Appliances,10,Day,153,7,11,3710.74,2064.12,196.83,4,3,2.36,0.03,0,2,21.8,39.4,590758.158,13.72197309
PR_20210816,16-08-2021,Furniture,18,Day,121,1,10,1939.705,1608.21,296.99,4,7,0.69,0.04,1,1,18.3,39.7,251236.7038,11.77042802
PR_20210817,17-08-2021,Electronics,16,Night,162,0,1,2296.25,1905.47,204.84,1,8,1.35,0.04,2,0,23.7,38.1,374622.0486,117.3913043
PR_20210818,18-08-2021,Automotive,1,Swing,53,6,20,3744.14,1811.115,305.87,2,2,1.68,0.04,1,1,22.8,42.4,234788.4981,2.640757349
PR_20210819,19-08-2021,Appliances,10,Swing,152,9,13,1718.43,1474.61,100.04,4,3,2.16,0.03,1,1,18.8,49.5,280931.6418,11.36023916
PR_20210820,20-08-2021,Textiles,8,Swing,66,0,20,2370.565,2477.445,224.87,3,6,1.44,0.04,2,0,18.1,43.6,206823.7469,3.246433842
PR_20210821,21-08-2021,Furniture,17,Day,191,7,12,3456.9,1630.755,256.09,4,3,1.45,0.02,1,1,18.6,43.4,679070.5052,16.56548135
PR_20210822,22-08-2021,Appliances,11,Swing,70,0,15,1056.275,1305.105,349.03,2,6,1.65,0.05,1,1,24.8,57.8,93842.10125,4.590163934
PR_20210823,23-08-2021,Electronics,14,Night,176,0,2,1761.85,1864.555,118.99,1,4,2.41,0.04,0,0,24.6,57.7,313143.4702,107.3170732
PR_20210824,24-08-2021,Electronics,13,Swing,145,0,19,5010,1386.935,469.21,2,4,1.04,0.04,0,0,20.1,43.8,752829.5037,7.623554154
PR_20210825,25-08-2021,Textiles,5,Night,130,7,2,3323.3,2288.735,224.24,4,3,1.79,0.02,1,2,24.3,37,437613.5134,53.27868852
PR_20210826,26-08-2021,Textiles,7,Night,57,3,7,1325.145,1294.25,297.98,2,2,2.43,0.04,0,1,21,34.7,84942.4625,7.840440165
PR_20210827,27-08-2021,Furniture,18,Day,87,2,12,4037.225,1316.795,378.01,2,3,1.41,0.01,0,0,23.3,56.9,366776.756,7.372881356
PR_20210828,28-08-2021,Automotive,4,Night,84,3,7,2105.87,2241.975,247.42,3,1,1.15,0.02,0,2,18.2,44.2,192116.0903,12.37113402
PR_20210829,29-08-2021,Automotive,3,Night,110,7,2,2602.695,1411.985,351.95,1,4,1.08,0.02,1,0,18.2,52.8,289628.7346,46.61016949
PR_20210830,30-08-2021,Electronics,14,Swing,99,6,17,1578.15,1958.075,297.38,3,5,1.81,0.05,1,0,20.1,47.6,189935.3208,5.752469494
PR_20210831,31-08-2021,Electronics,15,Day,154,4,10,3652.29,2034.895,289.74,4,4,1.44,0.03,1,0,19.9,36.6,582964.4016,15.27777778
PR_20210901,01-09-2021,Electronics,16,Swing,170,1,18,1633.26,2499.155,173.48,2,1,2.18,0.04,1,1,20.3,38.4,322688.9731,9.433962264
PR_20210902,02-09-2021,Electronics,16,Night,94,8,7,2438.2,1571.47,256.97,1,0,1.01,0.05,0,2,20.2,57.3,239405.355,14.46153846
PR_20210903,03-09-2021,Furniture,17,Day,69,9,12,4060.605,1623.24,182.78,3,2,2.5,0.05,1,1,22.8,43.5,299465.8362,5.808080808
PR_20210904,04-09-2021,Furniture,20,Day,192,5,9,2413.985,1335.165,416.33,1,4,2.29,0.03,1,1,24.4,46.3,475715.2314,20.96069869
PR_20210905,05-09-2021,Textiles,7,Day,92,1,11,2516.69,1315.125,153.07,4,2,1.22,0.02,1,2,18,39,246015.0063,8.356039964
PR_20210906,06-09-2021,Appliances,10,Swing,142,0,23,3718.255,1765.19,117.01,4,3,2.22,0.02,0,1,19.9,44.2,569262.3522,6.073567151
PR_20210907,07-09-2021,Electronics,14,Day,79,5,10,3814.28,2077.48,257.34,1,4,2.5,0.04,1,2,18.6,54.3,322476.8664,7.760314342
PR_20210908,08-09-2021,Appliances,11,Swing,65,2,13,3189.7,2081.655,106.26,1,6,2.49,0.02,1,1,22.7,54.9,234058.9502,5.062305296
PR_20210909,09-09-2021,Automotive,3,Swing,130,2,23,910.985,2225.275,243.1,4,0,1.13,0.03,2,1,18.3,48,169765.1442,5.63502384
PR_20210910,10-09-2021,Textiles,8,Night,166,9,2,3252.325,1928.85,412.18,1,0,1.54,0.04,1,0,19.3,41.2,544013.689,77.57009346
PR_20210911,11-09-2021,Furniture,17,Unknown,131,8,8,3328.31,2246.15,419.72,4,5,1.52,0.04,0,0,20.9,30.8,454719.0395,15.72629052
PR_20210912,12-09-2021,Textiles,7,Night,168,6,6,2021.535,1478.785,251.77,4,3,1.89,0.03,2,2,18.2,42.2,348032.1667,29.5254833
PR_20210913,13-09-2021,Textiles,6,Day,157,2,11,2963.415,2046.585,348.12,1,5,0.65,0.04,1,2,22.8,31.6,488587.224,13.77192982
PR_20210914,14-09-2021,Textiles,7,Night,156,5,4,1738.47,2226.945,348.27,4,3,2.14,0.04,1,0,23.4,38.3,279507.8249,41.8230563
PR_20210915,15-09-2021,Automotive,2,Day,75,7,12,1923.84,1967.26,273.45,4,2,0.89,0.03,1,1,24.5,41.4,167088.5434,6.471095772
PR_20210916,16-09-2021,Furniture,19,Night,62,2,8,2030.72,2159.31,316.09,3,3,1.43,0.01,0,0,23.1,44.3,142531.327,8.051948052
PR_20210917,17-09-2021,Automotive,2,Swing,60,4,23,3739.13,1429.52,349.51,4,2,1.69,0.04,1,2,23.5,55.6,257612.7304,2.578427159
PR_20210918,18-09-2021,Appliances,10,Night,159,4,5,3938.695,1807.775,276.26,4,4,1.45,0.03,0,0,24.9,31.7,634712.892,33.97435897
PR_20210919,19-09-2021,Textiles,6,Day,199,0,12,3246.48,2318.795,478.24,4,4,0.64,0.04,1,2,20.9,31.6,673133.0456,17.03767123
PR_20210920,20-09-2021,Appliances,11,Swing,139,4,17,1459.58,1650.795,445.91,1,2,1.24,0.01,0,1,22.5,55.9,230565.4522,8.288610614
PR_20210921,21-09-2021,Appliances,9,Swing,68,9,15,3178.01,2378.08,380.84,3,0,1.39,0.03,1,1,23.8,52.7,251466.7296,4.572965703
PR_20210922,22-09-2021,Automotive,2,Unknown,143,0,9,1689.205,2489.97,325.98,3,4,1.48,0.03,2,2,22.7,30.8,263019.8564,16.58932715
PR_20210923,23-09-2021,Appliances,11,Night,164,8,7,1311.785,1427.015,376.57,4,2,2.45,0.02,1,0,21.5,55.1,225307.357,23.00140252
PR_20210924,24-09-2021,Electronics,16,Day,155,28,10,2540.07,1437.035,432.02,3,2,1.34,0.03,2,0,19.4,46.7,408713.4954,14.8467433
PR_20210925,25-09-2021,Furniture,19,Night,98,1,3,3850.185,1721.77,146.57,2,4,1.72,0.03,1,0,20.8,35,381811.9497,37.54789272
PR_20210926,26-09-2021,Textiles,8,Unknown,144,9,9,2069.965,1957.24,144.34,3,4,0.73,0.03,1,1,18.8,50.9,315396.534,16.27118644
PR_20210927,27-09-2021,Electronics,13,Swing,164,5,15,2980.95,2207.74,251.27,2,5,0.95,0.02,0,1,22.2,50.9,521417.8876,11.12618725
PR_20210928,28-09-2021,Appliances,9,Swing,172,4,24,3340,1336.835,477.46,1,4,0.63,0.05,1,2,24.4,53.4,606216.4629,7.245155855
PR_20210929,29-09-2021,Furniture,17,Swing,92,4,16,3666.485,2231.12,154.48,3,7,1.45,0.04,0,1,23.1,43.7,371988.2248,5.92020592
PR_20210930,30-09-2021,Electronics,15,Swing,103,7,23,974.445,1457.075,305.1,4,5,1.5,0.04,2,2,23,39.2,133545.4328,4.523495828
PR_20211001,01-10-2021,Automotive,3,Night,123,0,1,2520.03,1359.38,190.25,4,0,2.34,0.02,1,1,24,52.9,311486.1956,109.8214286
PR_20211002,02-10-2021,Appliances,12,Swing,147,3,19,3832.65,2007.34,161.43,1,5,1.87,0.05,0,2,24.1,44,601097.3952,7.827476038
PR_20211003,03-10-2021,Electronics,13,Day,169,7,12,1815.29,1349.36,450.54,4,1,0.95,0.02,0,2,22.7,47.6,322531.0412,14.48157669
PR_20211004,04-10-2021,Textiles,8,Swing,195,4,15,1082.995,1344.35,377.39,2,2,0.63,0.01,2,1,18.4,51.3,231645.032,12.81208936
PR_20211005,05-10-2021,Appliances,9,Day,162,9,9,2075.81,2025.71,357.85,4,6,0.73,0.04,2,1,19.3,40.5,354998.7804,17.53246753
PR_20211006,06-10-2021,Furniture,19,Night,110,2,8,3224.77,2127.58,328.64,3,3,0.62,0.01,1,0,22.8,33.5,371234.7208,14.17525773
PR_20211007,07-10-2021,Furniture,20,Day,75,2,9,4097.345,2403.965,387.74,1,4,2.43,0.05,2,1,22.2,43,329128.8772,8.259911894
PR_20211008,08-10-2021,Electronics,13,Swing,198,0,15,2716.255,2451.56,404.92,2,4,1.91,0.02,1,2,23,51,574028.0312,13.40555179
PR_20211009,09-10-2021,Appliances,10,Swing,61,3,15,3943.705,1849.525,248.12,4,3,0.66,0.02,2,2,22.7,43.1,268678.785,4.013157895
PR_20211010,10-10-2021,Furniture,18,Swing,165,0,14,3958.735,2059.11,257.23,1,7,0.82,0.01,1,2,23,42.2,681401.082,12.04379562
PR_20211011,11-10-2021,Furniture,17,Day,145,6,10,3557.1,2226.945,178.69,2,4,1.93,0.01,1,1,20.4,49.2,538850.6502,13.996139
PR_20211012,12-10-2021,Automotive,4,Swing,118,7,19,2321.3,2408.975,445.11,3,6,0.95,0.02,1,2,24.8,30.4,319708.0148,6.207259337
PR_20211013,13-10-2021,Automotive,2,Swing,149,4,19,3274.035,1280.055,153.88,1,4,1.59,0.04,1,1,23.2,50.1,512574.6781,7.708225556
PR_20211014,14-10-2021,Appliances,11,Swing,65,3,18,3904.46,1525.545,319.55,4,4,0.8,0.01,0,1,22.4,31.7,280639.492,3.693181818
PR_20211015,15-10-2021,Furniture,17,Night,55,2,5,3678.175,1909.645,111.93,4,5,2.27,0.04,2,2,18.1,59.9,211790.5607,11.06639839
PR_20211016,16-10-2021,Textiles,7,Day,105,5,9,2718.76,1542.245,303.48,4,7,1.61,0.02,1,1,22.2,30.2,300090.2826,11.07594937
PR_20211017,17-10-2021,Furniture,19,Swing,94,9,22,3782.55,1899.625,443.53,2,2,1.1,0.05,0,2,23.8,46.7,397237.4725,4.284412033
PR_20211018,18-10-2021,Textiles,5,Day,88,4,12,3642.27,2103.365,470.84,1,1,2.32,0.03,1,0,21.8,56.3,345213.2651,7.495741056
PR_20211019,19-10-2021,Furniture,17,Swing,146,4,13,1265.86,2216.09,437.39,4,2,1.55,0.04,1,1,22.8,53.7,213646.8909,11.22213682
PR_20211020,20-10-2021,Electronics,16,Swing,187,3,20,1777.715,2299.59,405.49,3,5,1.59,0.02,1,0,18.7,50,378148.5542,9.406438632
PR_20211021,21-10-2021,Electronics,13,Swing,123,8,23,3643.94,2498.32,163.41,4,6,1.29,0.03,2,2,23.7,32,504616.6856,5.447298494
PR_20211022,22-10-2021,Appliances,11,Swing,115,7,23,3390.1,2353.865,338.93,4,4,0.75,0.02,0,1,18.2,44.3,442894.0785,5.104305371
PR_20211023,23-10-2021,Furniture,20,Night,184,9,7,2115.89,1687.535,148.83,3,0,0.94,0.02,0,1,22.6,52.2,400917.1255,26.78311499
PR_20211024,24-10-2021,Appliances,12,Night,137,7,3,2597.685,1616.56,132.3,4,6,1.45,0.04,1,0,21.1,50.7,360215.2258,51.11940299
PR_20211025,25-10-2021,Automotive,2,Swing,93,4,13,4126.57,1630.755,104.41,1,2,1.92,0.05,1,1,18.2,49.8,404872.9797,7.187017002
PR_20211026,26-10-2021,Appliances,12,Swing,168,0,17,2115.89,1367.73,189.92,4,6,0.91,0.04,0,1,22.6,49.9,378775.6392,9.85915493
PR_20211027,27-10-2021,Furniture,19,Swing,133,2,19,1576.48,2083.325,397,2,5,0.81,0.05,1,2,21.1,54.5,248567.5178,7.123727906
PR_20211028,28-10-2021,Furniture,17,Swing,129,0,16,3101.19,1265.86,292.09,2,2,1.54,0.03,0,2,23.7,51.4,420699.6866,7.909258124
PR_20211029,29-10-2021,Appliances,10,Night,124,0,3,1419.5,1619.065,166.27,2,3,0.76,0.04,1,0,21.6,35.8,180939.9576,40.78947368
PR_20211030,30-10-2021,Automotive,3,Unknown,57,0,9,1169,2213.585,199.28,3,3,1.37,0.01,2,1,23.7,37.2,85869.05365,6.559263521
PR_20211031,31-10-2021,Electronics,14,Night,54,5,1,3771.695,1840.34,206.64,2,6,1.62,0.05,1,1,22.5,35.1,205769.5176,47.36842105
PR_20211101,01-11-2021,Textiles,8,Swing,133,0,19,3771.695,1769.365,429.02,2,5,1.48,0.04,0,2,20.5,39.8,535695.7113,6.909090909
PR_20211102,02-11-2021,Electronics,14,Night,156,7,3,3401.79,2236.965,211.75,1,4,2.3,0.03,0,2,18.1,48.5,537323.0261,52.52525253
PR_20211103,03-11-2021,Furniture,17,Swing,128,4,15,893.45,1756.84,184.76,4,6,0.63,0.05,1,0,23.7,50.9,140397.9688,8.636977058
PR_20211104,04-11-2021,Textiles,7,Unknown,159,0,9,1527.215,1845.35,269.67,2,5,2.31,0.04,1,2,20.4,37.2,259250.8,17.86516854
PR_20211105,05-11-2021,Automotive,4,Day,130,1,12,3481.115,1870.4,453.68,2,7,1.75,0.03,0,1,19.2,43.5,474260.294,11.19724376
PR_20211106,06-11-2021,Furniture,17,Night,190,9,8,3530.38,1886.265,398.71,2,6,0.81,0.03,2,0,20.1,38.9,685353.0285,24.57956016
PR_20211107,07-11-2021,Electronics,14,Swing,127,0,18,2454.9,1379.42,367.65,4,5,0.71,0.03,1,1,22.1,40.4,336601.86,7.055555556
PR_20211108,08-11-2021,Textiles,7,Unknown,199,6,9,3633.92,1913.82,467.72,3,1,2.16,0.04,2,2,21.4,43.4,739647.2084,23.08584687
PR_20211109,09-11-2021,Textiles,8,Swing,186,2,17,3689.03,1737.635,418.86,2,5,0.55,0.04,2,1,21.5,57,716498.6871,10.65292096
PR_20211110,10-11-2021,Automotive,4,Day,199,4,10,3555.43,2379.75,234.59,2,3,1.66,0.03,0,2,20.8,38.1,730899.715,20.26476578
PR_20211111,11-11-2021,Electronics,15,Day,190,8,10,3364.215,1268.365,122.03,4,4,2.26,0.04,2,2,24.6,59.4,652379.1623,18.28681424
PR_20211112,12-11-2021,Textiles,7,Swing,67,4,14,3585.49,1899.625,138.56,4,5,2.36,0.02,1,2,21.5,40.5,265948.7525,4.948301329
PR_20211113,13-11-2021,Textiles,5,Day,162,0,11,1223.275,2473.27,252.44,1,5,1.74,0.03,0,2,22.9,33.2,225401.2527,14.71389646
PR_20211114,14-11-2021,Automotive,1,Swing,77,8,15,2570.13,1271.705,242.23,3,6,2.43,0.03,0,0,22.5,43.9,216454.186,5.277587389
PR_20211115,15-11-2021,Furniture,20,Swing,124,1,22,2299.59,2117.56,437.05,1,2,1.82,0.01,2,2,19.2,48.7,331968.4116,5.608322026
PR_20211116,16-11-2021,Furniture,17,Day,190,5,9,1022.04,1290.075,492.72,2,5,2.37,0.02,2,0,18.4,33.1,206211.099,20.38626609
PR_20211117,17-11-2021,Automotive,1,Swing,168,8,17,4141.6,2332.99,483.06,4,2,2.21,0.05,2,2,23.8,37.4,736219.5167,9.694171956
PR_20211118,18-11-2021,Appliances,11,Swing,99,1,21,2617.725,1498.825,362.96,2,4,0.58,0.03,0,0,20.1,37.3,290764.9943,4.694167852
PR_20211119,19-11-2021,Furniture,18,Night,67,1,3,3617.22,2286.23,261.76,3,2,1.31,0.02,0,0,23.6,38.3,248960.9447,23.183391
PR_20211120,20-11-2021,Textiles,7,Swing,175,0,14,2267.86,2400.625,248.2,2,2,1.31,0.03,1,1,22.7,32.1,430076.1438,12.65365148
PR_20211121,21-11-2021,Appliances,12,Night,73,3,4,1900.46,1422.84,109.69,1,3,1.15,0.03,2,2,21.3,38.8,144040.7732,19.57104558
PR_20211122,22-11-2021,Furniture,20,Swing,63,1,19,2560.11,1375.245,447.71,2,2,2.5,0.03,0,0,18.7,37.9,187581.6144,3.294979079
PR_20211123,23-11-2021,Automotive,4,Day,131,7,10,1319.3,2300.425,460.88,2,1,0.8,0.03,1,2,21.6,41.6,194751.3503,13.74606506
PR_20211124,24-11-2021,Electronics,16,Swing,119,4,13,1456.24,1472.105,181.69,1,4,0.98,0.04,1,0,21.4,59.7,192091.3409,9.31871574
PR_20211125,25-11-2021,Appliances,12,Swing,156,0,13,1030.39,1319.3,240.77,2,1,0.69,0.02,0,1,19.5,37.3,178221.565,11.77358491
PR_20211126,26-11-2021,Furniture,19,Swing,170,6,14,3702.39,1528.885,347.63,1,2,1.64,0.03,0,1,23,47.3,651452.8217,11.78918169
PR_20211127,27-11-2021,Furniture,20,Swing,175,8,24,2650.29,1509.68,217.78,1,5,2.17,0.03,1,2,19.6,41.8,499323.5204,7.437314067
PR_20211128,28-11-2021,Appliances,11,Swing,94,24,13,4129.075,2097.52,241.47,1,7,0.95,0.03,0,0,21.9,48.2,414918.3804,7.361002349
PR_20211129,29-11-2021,Automotive,4,Swing,50,1,18,3598.85,1843.68,284.32,4,8,1.63,0.05,1,2,22,51,213589.66,2.739726027
PR_20211130,30-11-2021,Automotive,3,Swing,107,1,23,2682.855,2211.08,245.35,1,5,0.89,0.02,0,2,25,53.3,338937.4218,4.560954817
PR_20211201,01-12-2021,Textiles,5,Swing,194,6,19,2603.53,1548.09,143.45,1,6,0.63,0.02,0,1,24.4,58.9,533817.3704,10.45258621
PR_20211202,02-12-2021,Automotive,1,Swing,86,9,20,2514.185,1867.06,391.11,4,3,0.74,0.03,0,1,22.2,41.5,253897.1808,4.261645193
PR_20211203,03-12-2021,Electronics,16,Night,197,2,2,1022.875,1384.43,163.86,4,0,1.34,0.02,2,0,23.3,30.4,204302.9236,97.52475248
PR_20211204,04-12-2021,Electronics,15,Night,180,5,5,1014.525,1843.68,442.83,2,1,0.91,0.04,2,0,23.2,47.8,192459.7512,33.70786517
PR_20211205,05-12-2021,Furniture,18,Swing,123,8,17,2469.93,1877.915,229.81,4,6,0.68,0.02,1,1,19.9,31.8,334993.5581,7.405177604
PR_20211206,06-12-2021,Furniture,18,Swing,83,5,22,3839.33,2393.945,202.28,1,1,1.33,0.03,1,2,24.7,35.6,370708.7543,3.817847286
PR_20211207,07-12-2021,Automotive,1,Night,72,6,2,3005.165,2440.705,384.17,1,6,1.83,0.02,2,0,21.8,53,222351.6073,29.3877551
PR_20211208,08-12-2021,Automotive,4,Swing,132,3,20,2610.21,2348.855,408.99,3,4,1.65,0.01,0,2,21,38.2,390632.2551,6.727828746
PR_20211209,09-12-2021,Furniture,17,Night,81,0,5,2889.935,2408.14,224.67,3,3,1.52,0.02,2,0,24.1,42.9,246823.7956,15.31190926
PR_20211210,10-12-2021,Furniture,18,Day,115,9,11,1882.09,1310.95,460.74,1,3,1.43,0.05,2,1,24.3,33.3,231188.5375,10.22222222
PR_20211211,11-12-2021,Textiles,5,Swing,107,1,20,2002.33,2287.9,365.67,3,4,1.51,0.05,1,2,24.9,37.2,260945.349,5.242528172
PR_20211212,12-12-2021,Furniture,19,Night,165,7,5,3307.435,1336,151.37,1,4,2.25,0.03,1,0,20.6,54.9,552339.975,33.33333333
PR_20211213,13-12-2021,Appliances,10,Swing,170,1,16,1532.225,1968.93,157.84,2,0,0.56,0.03,0,1,23.3,34.1,292118.9551,10.57871811
PR_20211214,14-12-2021,Furniture,20,Swing,66,4,20,1406.14,1359.38,190.06,1,2,1.43,0.05,0,2,21,49,120101.5904,3.28685259
PR_20211215,15-12-2021,Furniture,19,Swing,51,3,15,2568.46,2242.81,412.97,4,0,2.25,0.03,1,0,20.5,50.2,165575.5902,3.307392996
PR_20211216,16-12-2021,Automotive,3,Night,195,3,2,3310.775,1255.005,474.22,3,2,1.54,0.01,1,0,21.6,31.6,647659.3332,118.902439
PR_20211217,17-12-2021,Furniture,19,Swing,120,5,16,1858.71,1733.46,409.43,4,1,0.95,0.05,1,1,21.1,41.1,250901.9022,7.467330429
PR_20211218,18-12-2021,Automotive,1,Night,182,4,5,2221.935,1915.49,109.86,1,2,0.97,0.04,1,1,20.3,42.5,414371.8729,34.9328215
PR_20211219,19-12-2021,Appliances,10,Night,147,1,5,2670.33,1591.51,159.33,1,2,1.77,0.04,0,0,21.6,33.8,400718.8714,28.59922179
PR_20211220,20-12-2021,Appliances,10,Day,68,2,10,3801.755,1885.43,312.14,4,5,2.08,0.05,1,0,24.6,36.4,277373.64,6.8
PR_20211221,21-12-2021,Electronics,15,Swing,77,0,19,2925.005,2349.69,330.75,2,3,2.21,0.02,1,1,24.3,35.4,269329.0663,4.10229089
PR_20211222,22-12-2021,Electronics,13,Night,83,3,3,3688.195,2016.525,435.39,4,4,1.52,0.02,0,1,19.8,56.3,312653.726,25.61728395
PR_20211223,23-12-2021,Textiles,8,Swing,54,5,12,2125.91,1945.55,244.53,3,5,2.15,0.01,1,2,18.6,59.1,138515.3945,4.429860541
PR_20211224,24-12-2021,Automotive,2,Swing,150,5,21,2798.085,2480.785,444.53,4,1,1.01,0.05,0,0,22.1,41.7,472925.5883,6.993006993
PR_20211225,25-12-2021,Electronics,14,Swing,68,8,12,3008.505,1740.975,163.76,4,1,1.64,0.02,0,0,24.7,42.3,225644.1375,5.619834711
PR_20211226,26-12-2021,Appliances,11,Unknown,69,0,8,3888.595,2357.205,177.68,2,3,2.08,0.05,2,0,18.9,33.6,287547.8478,8.455882353
PR_20211227,27-12-2021,Appliances,11,Night,100,8,7,3530.38,2062.45,214.5,1,2,2.32,0.03,2,2,24,59.3,368300.13,13.51351351
PR_20211228,28-12-2021,Automotive,4,Swing,81,3,24,1323.475,2223.605,197.95,4,2,2.07,0.04,1,1,18.5,33,159967.6217,3.413400759
PR_20211229,29-12-2021,Electronics,16,Night,62,8,3,3080.315,1643.28,413.27,2,3,2.24,0.04,1,0,19.8,34.3,196698.1444,17.81609195
PR_20211230,30-12-2021,Appliances,10,Day,141,7,10,1008.68,2017.36,236.21,3,3,2.27,0.02,0,1,19.1,49.1,163345.6392,13.46704871
PR_20211231,31-12-2021,Furniture,19,Swing,113,5,18,4153.29,2315.455,144.89,2,3,1.04,0.03,2,2,25,34.3,511555.6692,6.195175439
PR_20220101,01-01-2022,Automotive,3,Unknown,68,3,8,2201.06,2035.73,307.08,1,3,1.15,0.05,2,2,23.4,49,166080.0638,8.436724566
PR_20220102,02-01-2022,Textiles,7,Swing,66,3,20,3066.955,2099.19,150.62,4,4,2.1,0.04,2,2,21.9,37.2,245284.4898,3.232125367
PR_20220103,03-01-2022,Appliances,10,Swing,157,3,15,1462.085,1892.945,429.42,4,2,2.36,0.03,0,0,22.3,50.2,258244.3912,10.35620053
PR_20220104,04-01-2022,Automotive,4,Day,66,3,12,3446.045,1411.985,232.95,4,5,2.12,0.03,2,0,20.8,37.3,243817.996,5.689655172
PR_20220105,05-01-2022,Automotive,4,Swing,180,1,22,3157.135,2191.04,297.72,3,0,0.94,0.05,2,1,18.5,53.7,617100.6712,8.078994614
PR_20220106,06-01-2022,Furniture,20,Day,195,9,10,2004.835,2122.57,453.53,3,5,2.48,0.01,1,2,20,41,411361.9484,20.27027027
PR_20220107,07-01-2022,Appliances,9,Swing,175,1,23,2037.4,1873.74,260.58,4,5,1.77,0.04,2,1,19.5,47.1,400034.5054,7.539853511
PR_20220108,08-01-2022,Textiles,5,Night,63,4,3,3110.375,1757.675,138.52,2,4,1.46,0.03,2,2,24.8,58.6,200629.0405,23.68421053
PR_20220109,09-01-2022,Textiles,8,Night,180,5,2,2064.955,2087.5,446.14,2,6,2.43,0.05,1,0,20.8,56.7,375658.15,94.73684211
PR_20220110,10-01-2022,Automotive,4,Night,74,9,3,4007.165,2129.25,154.94,4,2,2.29,0.04,1,1,23.8,53.9,302662.45,25.69444444
PR_20220111,11-01-2022,Electronics,13,Night,157,1,3,1919.665,1731.79,400.72,2,5,1.68,0.02,1,0,23.8,42,306513.5034,53.04054054
PR_20220112,12-01-2022,Appliances,10,Night,56,0,6,1726.78,1636.6,276.49,2,2,1.23,0.04,0,1,20.1,35.7,107075.724,8.832807571
PR_20220113,13-01-2022,Textiles,7,Day,152,2,10,3375.905,2467.425,408.14,2,4,1.44,0.02,1,0,22,56.4,538724.7573,14.65766635
PR_20220114,14-01-2022,Textiles,6,Swing,74,3,20,1183.195,2474.94,141.36,2,4,1.6,0.02,1,1,22.5,52.6,136213.7504,3.763987792
PR_20220115,15-01-2022,Appliances,9,Day,170,3,10,2714.585,1720.935,397.2,4,6,1.71,0.03,2,0,18.8,47.7,478654.3813,17.03406814
PR_20220116,16-01-2022,Electronics,14,Night,163,8,4,2917.49,2455.735,343.23,4,5,1.91,0.04,0,2,20.3,44.7,485152.7938,41.68797954
PR_20220117,17-01-2022,Furniture,17,Night,194,5,2,5010,1984.795,190.01,2,5,1.69,0.01,2,2,18.2,45.7,975333.9995,113.4502924
PR_20220118,18-01-2022,Furniture,18,Swing,168,2,14,4011.34,1270.035,273.56,4,5,2.24,0.05,2,2,23.7,47.6,691469.7041,12.14750542
PR_20220119,19-01-2022,Appliances,9,Night,120,9,6,2224.44,1391.11,443.6,2,4,0.7,0.04,0,0,24.6,50.7,275724.6152,18.98734177
PR_20220120,20-01-2022,Textiles,5,Day,141,8,9,1770.2,1528.05,315.58,2,7,2.4,0.03,0,0,23.1,48.9,263809.065,15.16129032
PR_20220121,21-01-2022,Electronics,16,Night,164,1,7,3120.395,2272.035,153.38,4,5,0.89,0.04,1,1,23.7,58.5,526649.3296,25
PR_20220122,22-01-2022,Textiles,7,Day,76,7,10,3243.975,2171,402.31,2,4,1.06,0.04,1,2,21.1,45.3,268968.53,7.357212004
PR_20220123,23-01-2022,Automotive,2,Swing,140,4,23,2261.18,2287.065,149.5,3,4,2.18,0.01,0,2,20.5,51.2,370036.7797,5.988023952
PR_20220124,24-01-2022,Appliances,12,Swing,84,8,23,1440.375,1903.8,240.81,4,3,1.33,0.01,0,2,24.5,33,165502.344,3.592814371
PR_20220125,25-01-2022,Appliances,12,Swing,171,0,17,2945.045,1956.405,141.95,2,1,1.69,0.03,1,1,19.1,51.2,537644.142,9.827586207
PR_20220126,26-01-2022,Textiles,6,Night,118,8,6,1665.825,1309.28,258.54,1,2,1.68,0.03,1,2,21.1,34,204999.1132,18.32298137
PR_20220127,27-01-2022,Automotive,2,Swing,57,9,21,1578.15,1520.535,442.59,1,2,0.76,0.03,2,1,18.6,31.1,121338.3924,2.761627907
PR_20220128,28-01-2022,Electronics,16,Night,63,0,1,2765.52,1829.485,411.27,1,3,1.3,0.02,0,0,23.5,51.1,176514.6162,50.4
PR_20220129,29-01-2022,Electronics,16,Swing,84,7,13,4128.24,2252.83,463.95,3,2,2.32,0.05,1,0,20.3,50.3,375698.4972,6.542056075
PR_20220130,30-01-2022,Furniture,17,Swing,160,2,21,3148.785,2061.615,315.98,4,0,0.62,0.02,0,1,22.4,43.3,547449.9896,7.557864903
PR_20220131,31-01-2022,Appliances,11,Day,189,7,11,3541.235,2030.72,362.16,1,6,1.91,0.01,1,2,23.7,52.9,690879.9686,17.7798683
PR_20220201,01-02-2022,Automotive,1,Night,175,1,7,3216.42,2371.4,352.93,4,6,1.49,0.04,0,2,19.6,39.5,578619.596,26.35542169
PR_20220202,02-02-2022,Furniture,20,Swing,147,1,15,2079.15,2006.505,119.93,3,6,0.55,0.03,0,0,24.7,41.6,336535.227,9.545454545
PR_20220203,03-02-2022,Automotive,2,Swing,76,0,20,3863.545,1595.685,342.47,2,0,1.46,0.03,1,2,22.7,38.5,325255.8967,3.834510595
PR_20220204,04-02-2022,Appliances,10,Swing,190,9,16,3536.225,1862.885,288.41,2,4,1.28,0.01,1,1,22.9,30.9,702415.4352,11.59243441
PR_20220205,05-02-2022,Automotive,3,Night,126,0,7,3142.94,2147.62,244.16,4,7,1.77,0.04,0,2,24.5,40.4,410635.7322,18.50220264
PR_20220206,06-02-2022,Furniture,17,Night,91,9,4,2642.775,2293.745,163.67,1,4,0.91,0.02,0,1,22.7,59,249415.1931,23.3933162
PR_20220207,07-02-2022,Textiles,5,Night,69,0,7,2043.245,1917.995,150.08,4,4,1.22,0.05,0,1,20.8,35.8,154985.2685,9.452054795
PR_20220208,08-02-2022,Textiles,7,Night,157,2,4,2336.33,2267.025,302.88,3,4,1.69,0.04,0,1,21.2,44.9,376552.0175,36.51162791
PR_20220209,09-02-2022,Textiles,8,Swing,52,4,23,1872.07,2491.64,166.88,2,4,2.01,0.04,0,1,23.2,50.7,154755.0256,2.256944444
PR_20220210,10-02-2022,Furniture,20,Day,169,2,9,3908.635,1330.155,399.7,4,4,1.07,0.03,1,1,18,30.4,673142.5813,17.86469345
PR_20220211,11-02-2022,Appliances,10,Swing,194,2,23,1933.025,2167.66,409.07,4,1,1.94,0.03,1,1,23.8,35.5,425404.945,8.344086022
PR_20220212,12-02-2022,Appliances,12,Swing,65,0,14,3966.25,2413.985,215.3,3,5,1.43,0.02,1,2,21.3,43,292229.6761,4.558204769
PR_20220213,13-02-2022,Textiles,7,Swing,87,4,17,2315.455,1878.75,346.96,1,4,1.53,0.02,0,2,21.2,39.4,233157.885,5.154028436
PR_20220214,14-02-2022,Electronics,15,Swing,196,2,22,3632.25,1729.285,124.97,3,3,1.58,0.04,2,2,20.6,40.6,749844.2201,8.9375285
PR_20220215,15-02-2022,Appliances,9,Swing,113,0,24,1675.01,1943.045,462.93,4,4,0.85,0.05,1,1,21.1,35.6,235617.7533,4.737945493
PR_20220216,16-02-2022,Furniture,18,Swing,116,2,23,4058.935,2389.77,350.56,1,5,1.07,0.03,1,0,21.5,55.6,525394.9091,5.081033728
PR_20220217,17-02-2022,Appliances,11,Day,85,4,11,3830.98,2319.63,242.06,1,8,2.08,0.02,1,0,21.4,42.7,351821.9227,7.528786537
PR_20220218,18-02-2022,Furniture,17,Swing,57,5,17,3170.495,2004,320.74,1,5,1.37,0.04,2,2,21.7,45.7,214645.935,3.366804489
PR_20220219,19-02-2022,Textiles,6,Day,88,7,10,3905.295,2419.83,239.86,4,6,1.22,0.05,1,2,18.7,50.4,367694.8719,8.86203424
PR_20220220,20-02-2022,Furniture,20,Swing,82,6,16,2910.81,2160.145,132.39,2,1,0.69,0.05,1,2,19,58.3,272168.6675,5.290322581
PR_20220221,21-02-2022,Automotive,2,Swing,135,1,13,883.43,1723.44,204.89,1,3,0.86,0.04,2,0,19.2,50.8,141685.0044,10.37663336
PR_20220222,22-02-2022,Furniture,19,Night,65,4,1,1675.01,1550.595,104.15,4,5,1.6,0.03,2,0,21.9,57.5,111093.0009,45.45454545
PR_20220223,23-02-2022,Automotive,3,Swing,151,2,21,1133.93,2043.245,409.01,1,6,1.46,0.04,0,2,23.6,54.1,213968.1154,7.217973231
PR_20220224,24-02-2022,Appliances,10,Day,163,7,9,1054.605,2206.905,486.65,3,8,2.45,0.01,2,1,21.3,51,192204.141,17.7173913
PR_20220225,25-02-2022,Textiles,7,Day,141,0,11,2407.305,2085.83,222.49,3,2,0.86,0.04,1,2,23.1,49,363062.4589,12.44483672
PR_20220226,26-02-2022,Electronics,15,Unknown,54,2,9,4098.18,2022.37,386.85,4,3,0.93,0.01,0,1,19.4,49.6,239361.4841,6.047032475
PR_20220227,27-02-2022,Automotive,2,Swing,114,6,12,2150.96,1365.225,309.43,4,4,1.88,0.03,0,1,18.1,56.3,261742.3148,9.41370768
PR_20220228,28-02-2022,Automotive,4,Swing,93,6,12,4066.45,2001.495,108.5,1,5,1.29,0.02,1,1,24.5,48.2,403038.4179,7.487922705
PR_20220301,01-03-2022,Electronics,16,Swing,68,7,16,3810.94,1265.86,489.8,3,5,1.1,0.03,1,0,22.2,55.5,278828.043,4.372990354
PR_20220302,02-03-2022,Appliances,10,Day,95,3,10,1422.005,1302.6,484.99,2,3,0.61,0.02,2,1,19.3,57.9,147647.539,9.854771784
PR_20220303,03-03-2022,Textiles,5,Night,171,0,6,3785.89,1567.295,455.89,1,5,1.8,0.01,1,1,23,47.1,657182.7838,27.36
PR_20220304,04-03-2022,Electronics,16,Day,142,0,10,1695.05,1406.975,225.98,3,7,2.22,0.04,1,0,24.1,36.7,254949.7568,14.017769
PR_20220305,05-03-2022,Automotive,4,Unknown,55,0,8,1010.35,1538.905,153.57,1,0,2.46,0.02,2,0,19.9,48.8,68496.052,6.547619048
PR_20220306,06-03-2022,Textiles,5,Swing,128,6,14,1235.8,2467.425,225.91,2,2,1.41,0.04,2,2,20.7,58.9,192899.0698,9.097370291
PR_20220307,07-03-2022,Textiles,6,Swing,114,0,18,2560.11,2422.335,394.78,1,4,1.76,0.02,1,1,18.5,33.3,334752.0929,6.43704122
PR_20220308,08-03-2022,Electronics,13,Swing,81,9,17,2918.325,1342.68,291.17,2,3,0.9,0.04,2,2,23.1,56.5,259867.7982,4.631217839
PR_20220309,09-03-2022,Textiles,8,Swing,188,4,22,918.5,1357.71,466.78,3,2,2.03,0.03,1,0,23.1,56.1,201882.3421,8.740120874
PR_20220310,10-03-2022,Furniture,19,Night,131,7,6,3184.69,1980.62,107.79,1,5,1.13,0.05,0,1,21.8,32.8,428523.5364,22.9020979
PR_20220311,11-03-2022,Textiles,6,Swing,67,1,13,1081.325,2436.53,484.61,2,6,2.21,0.04,1,2,20.7,39,103100.3224,5.325914149
PR_20220312,12-03-2022,Automotive,3,Swing,191,3,15,3006.835,2206.905,483.21,1,1,2.18,0.02,1,0,22.8,55.8,608203.5458,12.43489583
PR_20220313,13-03-2022,Electronics,14,Swing,139,5,13,1034.565,2115.055,413.74,2,2,0.69,0.05,1,2,25,48.3,171004.1423,10.80870918
PR_20220314,14-03-2022,Furniture,19,Swing,186,6,16,1834.495,1757.675,302.91,1,6,1.78,0.02,1,1,20.8,40.2,368881.8745,11.81702668
PR_20220315,15-03-2022,Textiles,6,Swing,179,4,21,3787.56,2135.095,243.3,3,8,2.17,0.02,1,1,22.9,54.1,722212.4084,8.638996139
PR_20220316,16-03-2022,Furniture,20,Night,78,7,3,4041.4,2007.34,482.23,2,2,1.55,0.05,1,1,23.7,30.1,321492.1008,25
PR_20220317,17-03-2022,Electronics,13,Day,194,9,10,1009.515,2243.645,375.64,4,6,1.93,0.01,1,1,24.6,35.6,217317.5927,20.27168234
PR_20220318,18-03-2022,Automotive,1,Swing,162,2,13,3584.655,2403.965,405.76,1,0,0.93,0.02,2,2,21.9,45.4,611052.1483,12.83676704
PR_20220319,19-03-2022,Furniture,18,Swing,74,6,13,2841.505,2177.68,423.3,2,4,1.75,0.04,2,2,22.6,44.8,238646.5404,5.679201842
PR_20220320,20-03-2022,Electronics,16,Night,79,6,1,3956.23,1550.595,444.2,3,5,1.71,0.05,0,1,19.6,59.4,314526.9316,61.71875
PR_20220321,21-03-2022,Appliances,11,Swing,176,1,14,2130.92,1851.195,300.58,4,5,1.04,0.02,0,1,18.6,38.6,401458.4726,12.33356692
PR_20220322,22-03-2022,Automotive,2,Swing,185,0,17,3124.57,2157.64,482.6,3,3,2.35,0.04,0,0,24.4,32,614725.33,10.88235294
PR_20220323,23-03-2022,Appliances,11,Day,60,1,10,1117.23,2275.375,218.04,3,5,1.36,0.01,2,1,23.3,40.1,89696.535,6.024096386
PR_20220324,24-03-2022,Furniture,17,Swing,109,9,22,1847.02,1529.72,416.29,4,6,1.91,0.04,0,1,24.2,34.6,234994.3172,4.952294412
PR_20220325,25-03-2022,Electronics,16,Swing,146,2,17,2386.43,1952.23,150.82,2,1,0.67,0.05,0,1,18.9,52.3,380923.4095,8.768768769
PR_20220326,26-03-2022,Furniture,17,Swing,97,6,16,2279.55,2429.015,247.35,2,2,0.51,0.02,1,1,21.1,40.7,258766.0825,6.258064516
PR_20220327,27-03-2022,Furniture,18,Night,104,0,6,3425.17,2093.345,277.66,4,4,2.39,0.04,1,0,22.8,53,368191.6134,18.18181818
PR_20220328,28-03-2022,Appliances,9,Swing,88,9,24,1160.65,1930.52,321.63,1,5,1.93,0.03,1,1,24.9,41,147639.5564,3.73355961
PR_20220329,29-03-2022,Furniture,19,Day,111,0,12,1033.73,2127.58,130.17,1,7,0.8,0.03,2,2,20.5,40.6,139636.716,9.487179487
PR_20220330,30-03-2022,Automotive,3,Night,112,8,2,1115.56,1956.405,258.21,1,3,1.6,0.04,1,1,24.1,31.2,128483.8131,61.87845304
PR_20220331,31-03-2022,Automotive,4,Night,103,4,3,845.02,1616.56,224.74,3,4,0.7,0.04,2,0,24.6,38.8,91401.772,38.14814815
PR_20220401,01-04-2022,Furniture,18,Unknown,71,8,9,1818.63,1762.685,284.77,2,3,2.06,0.03,1,2,20.9,30.6,144510.9701,8.132875143
PR_20220402,02-04-2022,Furniture,20,Night,124,7,2,3900.285,2293.745,391.95,1,4,1.25,0.03,0,2,23.7,37.3,488108.1428,63.58974359
PR_20220403,03-04-2022,Automotive,3,Night,147,0,5,3159.64,1989.805,160.52,3,5,0.58,0.02,1,0,18.6,35.8,474177.3284,30.12295082
PR_20220404,04-04-2022,Automotive,4,Swing,116,0,17,1958.075,1787.735,373.01,4,3,0.55,0.02,0,2,23,36,256795.2236,6.992163954
PR_20220405,05-04-2022,Furniture,19,Unknown,81,4,9,1521.37,1393.615,242.79,2,3,0.99,0.04,2,1,21.3,58.4,135606.2712,9.121621622
PR_20220406,06-04-2022,Textiles,6,Day,118,9,10,3264.85,1396.955,222.56,1,3,0.88,0.04,1,0,18.4,30.3,399878.4189,11.27029608
PR_20220407,07-04-2022,Automotive,3,Swing,158,8,23,3158.805,1442.045,260.9,2,5,2.49,0.04,1,2,23.5,33.6,532128.441,6.896551724
PR_20220408,08-04-2022,Textiles,7,Swing,187,0,16,2840.67,2412.315,442.39,4,3,2.4,0.05,1,1,22.5,58.6,569440.4828,11.79810726
PR_20220409,09-04-2022,Textiles,5,Night,89,1,8,3751.655,2451.56,126.93,2,5,2.26,0.02,0,0,21.2,32.5,352798.8226,11.54345006
PR_20220410,10-04-2022,Appliances,9,Unknown,57,3,9,2881.585,2171,329.78,1,5,1.27,0.03,0,0,19.7,38.3,183441.985,6.447963801
PR_20220411,11-04-2022,Automotive,2,Swing,121,6,23,2046.585,1312.62,393.94,2,2,0.53,0.05,1,0,22.1,56.5,277498.89,5.318681319
PR_20220412,12-04-2022,Automotive,4,Day,74,3,11,3292.405,2007.34,349.67,4,5,1.27,0.02,0,0,19.2,49.3,266240.6184,6.571936057
PR_20220413,13-04-2022,Automotive,2,Day,127,6,11,1627.415,2034.06,314.15,3,5,2.03,0.03,1,0,18.7,53.1,229178.4086,11.48282098
PR_20220414,14-04-2022,Automotive,2,Night,89,8,7,2890.77,2485.795,348.87,4,3,0.7,0.04,1,2,22.1,42.5,275474.5494,12.15846995
PR_20220415,15-04-2022,Appliances,11,Unknown,134,8,8,960.25,1552.265,241.65,4,5,0.88,0.04,0,0,19.4,47.8,141681.4807,15.99045346
PR_20220416,16-04-2022,Appliances,9,Swing,55,9,18,2261.18,2158.475,269.9,4,4,1.03,0.04,1,0,23.5,47.8,164167.179,2.982646421
PR_20220417,17-04-2022,Electronics,13,Swing,151,1,20,1108.045,2496.65,255.2,2,7,0.64,0.02,0,1,18.6,46.4,216473.8335,7.668867445
PR_20220418,18-04-2022,Appliances,9,Night,80,0,7,4053.925,2429.015,332,1,4,1.21,0.03,2,0,19.2,40.6,340345.499,12.12121212
PR_20220419,19-04-2022,Automotive,2,Swing,199,1,23,1336,1696.72,453.88,1,3,1.19,0.05,0,1,23.3,34,304192.9048,8.809207614
PR_20220420,20-04-2022,Textiles,7,Unknown,148,7,8,1849.525,1429.52,289.09,2,2,1.43,0.05,2,1,24,52.5,285609.0112,17.80986763
PR_20220421,21-04-2022,Automotive,3,Swing,171,9,17,1715.09,1348.525,262.06,4,6,0.6,0.03,1,0,19.9,37.7,316650.3282,9.86728217
PR_20220422,22-04-2022,Automotive,1,Swing,153,5,15,1885.43,1327.65,371.04,4,5,0.94,0.02,0,2,18.7,55,308690.8995,10.04596192
PR_20220423,23-04-2022,Textiles,8,Night,152,0,2,2316.29,1362.72,179.26,2,6,1.51,0.03,2,2,20.1,38.5,354365.4496,90.47619048
PR_20220424,24-04-2022,Textiles,6,Swing,126,6,21,1720.1,2479.115,456.94,2,1,2.15,0.02,1,1,18.9,32.4,268322.9832,6.054781355
PR_20220425,25-04-2022,Furniture,18,Swing,105,2,16,2092.51,2488.3,402.77,4,3,0.68,0.04,0,0,18.9,39.9,258331.966,6.765463918
PR_20220426,26-04-2022,Appliances,9,Swing,71,6,14,1725.945,1397.79,239.92,4,2,0.7,0.03,1,2,22.8,47.7,142572.4257,4.954640614
PR_20220427,27-04-2022,Electronics,14,Swing,160,7,14,4096.51,1355.205,183.34,1,2,0.65,0.02,0,2,23,55.3,674007.9085,11.67883212
PR_20220428,28-04-2022,Appliances,10,Swing,68,4,16,1797.755,2084.995,355.83,3,2,1.49,0.03,1,0,24.3,41.7,156232.7585,4.171779141
PR_20220429,29-04-2022,Appliances,12,Night,198,1,3,1847.02,2277.88,483.67,4,4,0.86,0.05,0,1,23.1,33.3,372315.812,68.27586207
PR_20220430,30-04-2022,Electronics,14,Swing,52,6,18,2071.635,2201.895,449.82,2,3,1.24,0.04,2,1,19.2,32.1,148283.9259,2.823018458
PR_20220501,01-05-2022,Textiles,5,Unknown,158,7,8,2937.53,1264.19,130.89,2,4,1.28,0.03,1,0,23.4,44.1,474268.5438,19.70074813
PR_20220502,02-05-2022,Textiles,6,Day,150,9,11,4074.8,1796.92,211.08,3,7,0.72,0.05,1,1,22.2,51.5,630447.044,14.01869159
PR_20220503,03-05-2022,Automotive,1,Night,55,0,2,2799.755,2154.3,374.94,3,4,2.41,0.03,2,2,22.2,46.2,158187.41,28.20512821
PR_20220504,04-05-2022,Electronics,14,Night,104,5,4,4123.23,2270.365,317.08,1,7,1.73,0.03,1,1,21.2,32.8,438283.3421,24.94004796
PR_20220505,05-05-2022,Automotive,1,Swing,78,6,20,1991.475,2121.735,177.87,3,6,2,0.04,0,2,18.9,36.1,196836.1866,3.987730061
PR_20220506,06-05-2022,Furniture,20,Day,125,0,9,3908.635,1665.825,446.42,1,5,1.83,0.04,1,1,24.3,30,504288.1048,13.25556734
PR_20220507,07-05-2022,Textiles,5,Swing,50,2,18,2134.26,1591.51,486.29,3,1,1.39,0.01,0,0,18,55.1,134930.4723,2.820078962
PR_20220508,08-05-2022,Furniture,20,Day,121,1,10,2935.025,2291.24,255.16,1,2,2.4,0.03,0,0,21.1,32.5,377088.1042,12.63048017
PR_20220509,09-05-2022,Appliances,11,Swing,115,4,21,1007.845,1933.025,337.46,4,7,1.17,0.01,1,1,19.5,47.6,156437.7093,5.484024797
PR_20220510,10-05-2022,Appliances,9,Swing,57,7,12,849.195,1570.635,241.66,1,3,2.39,0.03,2,1,19.4,41.2,67691.5128,4.641693811
PR_20220511,11-05-2022,Electronics,14,Unknown,92,9,8,1587.335,2338.835,182.63,4,5,1.75,0.03,2,1,21.8,37.6,165704.4224,10.93935791
PR_20220512,12-05-2022,Electronics,14,Swing,126,5,19,964.425,2275.375,459.26,4,3,1.38,0.02,0,2,18.8,56,165090.9813,6.579634465
PR_20220513,13-05-2022,Textiles,6,Swing,168,4,14,2250.325,1870.4,268.64,4,2,1.85,0.05,1,0,18.3,48.1,404389.832,11.93181818
PR_20220514,14-05-2022,Electronics,14,Swing,154,9,14,2326.31,2267.86,110.99,4,3,2.16,0.02,1,2,22.1,41.3,389933.7442,11.02362205
PR_20220515,15-05-2022,Textiles,8,Swing,90,8,18,4024.7,1381.925,229.19,2,4,2.35,0.05,1,2,22.3,40.2,386572.5185,5.107832009
PR_20220516,16-05-2022,Furniture,17,Swing,192,2,24,1413.655,2388.935,258.51,3,3,1.73,0.05,0,0,18.7,40.1,328087.2982,8.094435076
PR_20220517,17-05-2022,Electronics,14,Day,121,0,10,2347.185,2477.445,167.94,2,3,1.86,0.05,0,0,19.1,45.6,307644.2103,12.68343816
PR_20220518,18-05-2022,Appliances,10,Swing,184,7,13,1862.885,1265.86,394.07,1,7,2.41,0.03,0,1,18.9,53.1,359568.8022,13.86586285
PR_20220519,19-05-2022,Textiles,5,Night,137,7,8,1034.565,2338,170.8,3,1,1.53,0.05,1,1,24.1,48.3,159995.185,17.54161332
PR_20220520,20-05-2022,Furniture,19,Day,130,0,10,1191.545,2194.38,446.81,4,0,2.25,0.01,1,1,24,57.4,176669.0996,13.10483871
PR_20220521,21-05-2022,Automotive,3,Night,69,3,2,3765.015,2323.805,342.91,4,6,1.58,0.02,1,0,20.1,41,265432.8812,28.39506173
PR_20220522,22-05-2022,Textiles,7,Day,194,8,10,2162.65,1624.075,416.88,3,7,2.17,0.02,1,2,21.9,52.2,436070.9427,19.07571288
PR_20220523,23-05-2022,Appliances,10,Night,61,0,5,3391.77,2449.055,372.51,1,4,1.67,0.02,1,1,23.1,36.8,220343.282,11.11111111
PR_20220524,24-05-2022,Electronics,15,Swing,170,2,15,2333.825,2295.415,405.13,4,3,0.97,0.04,1,1,24.8,58.3,431181.475,11.33333333
PR_20220525,25-05-2022,Furniture,18,Night,179,0,2,3884.42,1768.53,266.86,2,1,0.89,0.02,1,2,18.7,32,698830.5547,89.94974874
PR_20220526,26-05-2022,Automotive,3,Night,93,0,4,3180.515,2240.305,337.3,3,4,1.14,0.03,0,1,23.4,37.6,304659.5028,23.48484848
PR_20220527,27-05-2022,Electronics,14,Swing,175,4,13,1973.94,1786.065,252.61,1,5,1.04,0.03,2,2,19.3,57.6,369301.3284,13.0988024
PR_20220528,28-05-2022,Textiles,8,Day,195,1,10,3716.585,1665.825,387.98,3,4,1.31,0.04,0,1,24.8,57.6,742091.9715,18.71401152
PR_20220529,29-05-2022,Appliances,10,Day,103,6,10,1125.58,1435.365,224.22,3,5,1.89,0.02,1,1,22.9,31.6,130862.536,9.903846154
PR_20220530,30-05-2022,Automotive,1,Swing,185,0,13,1088.84,2413.985,233.92,1,5,2.22,0.04,2,1,22.8,52.6,233903.4982,13.75464684
PR_20220531,31-05-2022,Automotive,4,Night,141,8,6,2687.865,1542.245,431.11,1,5,0.82,0.03,1,0,19.6,48,388735.9534,22.31012658
PR_20220601,01-06-2022,Electronics,13,Night,191,0,4,3277.375,1892.945,172.06,4,2,1.63,0.04,0,2,21,36.3,634137.218,44.31554524
PR_20220602,02-06-2022,Furniture,17,Night,83,0,3,2842.34,1914.655,259.6,1,6,1.82,0.04,1,2,18.5,41.2,241619.8919,27.85234899
PR_20220603,03-06-2022,Appliances,11,Swing,159,0,21,3048.585,1295.085,329.3,2,7,1.58,0.05,0,1,18,56.9,512219.6695,7.48940179
PR_20220604,04-06-2022,Furniture,18,Swing,67,2,19,1705.07,2250.325,153.4,2,7,0.63,0.04,0,2,19.8,55.8,156568.3033,3.561935141
PR_20220605,05-06-2022,Furniture,19,Day,154,8,10,3767.52,2120.9,345.11,2,5,1.78,0.05,0,2,24.2,36.9,600431.466,16.14255765
PR_20220606,06-06-2022,Furniture,18,Night,179,9,7,4080.645,1614.89,249.52,3,2,1.15,0.04,1,0,20.7,39.1,742272.5987,24.420191
PR_20220607,07-06-2022,Electronics,15,Swing,71,8,13,2131.755,2420.665,185.69,4,4,0.97,0.02,1,1,20.7,36.3,182678.0101,5.486862442
PR_20220608,08-06-2022,Furniture,19,Night,86,2,3,2201.06,2494.145,122.83,3,3,1.39,0.02,1,2,18.8,42.1,196648.8878,29.15254237
PR_20220609,09-06-2022,Automotive,4,Swing,111,2,22,2350.525,2096.685,325.32,2,0,1.93,0.04,0,1,19.3,58.5,307245.0135,5.022624434
PR_20220610,10-06-2022,Appliances,11,Swing,180,1,14,1503,2190.205,488.55,1,1,1.6,0.04,0,1,23.1,49.6,301772.3233,12.6227209
PR_20220611,11-06-2022,Automotive,1,Swing,107,2,22,1305.94,1326.815,409.29,3,2,1.01,0.01,0,2,21.3,35.3,169482.7723,4.772524532
PR_20220612,12-06-2022,Textiles,5,Swing,160,8,23,3430.18,1797.755,258.47,4,1,0.83,0.02,1,0,18.5,58.6,589727.7262,7.032967033
PR_20220613,13-06-2022,Furniture,19,Swing,151,4,14,2859.875,1283.395,175.85,2,1,1.2,0.05,2,1,21.4,46.6,449218.2933,11.1521418
PR_20220614,14-06-2022,Furniture,17,Swing,176,4,12,1336.835,2153.465,400.29,4,1,0.57,0.03,2,1,24.3,44.6,262093.5993,14.13654618
PR_20220615,15-06-2022,Electronics,16,Night,161,5,8,2491.64,2292.91,445.49,4,4,2.26,0.02,0,1,20.9,45.6,419405.6036,20.22613065
PR_20220616,16-06-2022,Electronics,14,Swing,110,5,20,4161.64,1401.965,238.06,2,3,1.08,0.01,1,2,19.1,51.4,485581.366,5.547150782
PR_20220617,17-06-2022,Textiles,7,Swing,122,7,23,2593.51,1370.235,124.87,4,3,2.27,0.05,1,1,19.5,57.6,347622.1733,5.355575066
PR_20220618,18-06-2022,Appliances,9,Night,113,5,5,3881.915,2283.725,347.69,3,1,1.94,0.02,2,0,22.8,31.1,450212.0435,22.33201581
PR_20220619,19-06-2022,Automotive,3,Swing,134,7,19,3625.57,1887.935,136.68,4,4,2.39,0.04,1,0,21,56.5,521753.7831,7.0415134
PR_20220620,20-06-2022,Appliances,12,Night,199,8,5,1204.07,2312.95,169.43,4,2,1.66,0.02,2,0,21.8,31,251660.3995,38.19577735
PR_20220621,21-06-2022,Textiles,8,Night,177,4,5,2186.03,1748.49,101.76,1,5,2.03,0.04,2,2,23.4,46.3,395862.0939,34.63796477
PR_20220622,22-06-2022,Appliances,12,Night,77,0,7,2704.565,1471.27,204.36,4,2,0.85,0.05,0,0,22.3,49.6,218609.2458,10.9375
PR_20220623,23-06-2022,Electronics,14,Swing,126,4,17,3003.495,1716.76,404.72,3,6,1.84,0.03,1,2,21.5,59.3,407470.7816,7.4512123
PR_20220624,24-06-2022,Automotive,1,Night,152,2,3,1808.61,1602.365,428.29,4,3,1.58,0.05,2,1,24,55.9,279090.8927,58.23754789
PR_20220625,25-06-2022,Automotive,3,Unknown,66,9,8,860.885,1890.44,479.26,3,5,1.45,0.02,1,2,24.5,36.1,72622.4884,7.894736842
PR_20220626,26-06-2022,Furniture,19,Swing,77,5,13,1869.565,2368.06,429.11,3,6,0.96,0.04,1,2,21.9,30.5,174907.0492,5.891354246
PR_20220627,27-06-2022,Furniture,17,Swing,81,4,19,2727.11,1700.06,184.51,2,2,1.88,0.02,0,1,24.2,44.8,253741.0692,4.192546584
PR_20220628,28-06-2022,Electronics,14,Unknown,134,9,9,2005.67,2173.505,309.4,3,4,1.54,0.02,0,0,18.7,47.4,287604.0684,15.455594
PR_20220629,29-06-2022,Furniture,20,Swing,110,2,12,2106.705,2052.43,334.74,1,4,2.22,0.04,0,1,20,51.4,257310.8278,8.828250401
PR_20220630,30-06-2022,Furniture,18,Swing,99,6,15,3629.745,1531.39,151,3,3,0.69,0.05,1,2,22,47,383035.3583,6.39948287
PR_20220701,01-07-2022,Electronics,13,Night,133,0,7,2227.78,1649.96,274.18,1,4,0.63,0.04,0,2,23.8,33.8,307679.464,19.27536232
PR_20220702,02-07-2022,Appliances,11,Swing,90,0,22,4068.955,1511.35,222.13,2,2,0.7,0.02,1,1,18.3,55.5,400045.0765,4.01965163
PR_20220703,03-07-2022,Appliances,12,Day,165,8,9,1382.76,2201.895,401.14,1,3,1.13,0.01,1,0,24.1,43.7,248677.0614,17.70386266
PR_20220704,04-07-2022,Textiles,5,Swing,134,0,18,1135.6,1412.82,131.87,4,4,2.12,0.01,1,2,19.5,35.5,177869.5958,7.366684992
PR_20220705,05-07-2022,Automotive,1,Swing,183,3,16,1546.42,1977.28,210.34,2,5,1.62,0.02,0,1,24.3,51.7,315303.6152,11.1995104
PR_20220706,06-07-2022,Appliances,10,Swing,145,5,16,1128.92,1467.095,141.47,4,6,1.72,0.02,1,2,21,54.2,186814.8172,9.200507614
PR_20220707,07-07-2022,Electronics,14,Day,147,0,10,1668.33,1499.66,285.22,1,5,1.6,0.01,0,0,20.1,58.9,260825.9774,14.14821944
PR_20220708,08-07-2022,Automotive,4,Swing,107,8,21,2651.125,1259.18,175.55,1,1,1.68,0.05,2,2,22.8,30.4,309999.8288,5.117168819
PR_20220709,09-07-2022,Textiles,7,Swing,50,9,19,1699.225,1804.435,141.99,2,0,0.53,0.03,1,1,23.3,33.5,119299.6481,2.627430373
PR_20220710,10-07-2022,Automotive,2,Swing,146,0,14,3567.12,2266.19,363.37,4,2,1.91,0.01,2,1,19.1,57.1,552458.1943,10.45096636
PR_20220711,11-07-2022,Furniture,19,Unknown,197,4,8,2033.225,1362.72,438.05,1,5,2.08,0.04,2,1,22.6,39,411719.629,24.02439024
PR_20220712,12-07-2022,Electronics,14,Swing,121,9,14,2183.525,2312.115,180.6,3,4,2.44,0.05,0,1,22.6,33.7,296252.4389,8.73015873
PR_20220713,13-07-2022,Textiles,7,Night,87,0,3,1124.745,2308.775,148.86,3,5,1.85,0.02,2,1,18.8,57,104779.14,29
PR_20220714,14-07-2022,Textiles,6,Swing,105,8,13,1738.47,1543.08,364.14,3,3,1.56,0.04,0,1,19.1,49.6,203309.2068,7.80089153
PR_20220715,15-07-2022,Textiles,5,Swing,144,0,17,1237.47,2346.35,117.31,1,0,1.56,0.05,2,2,18.8,40.8,218294.8015,8.425980105
PR_20220716,16-07-2022,Electronics,16,Swing,187,2,22,1612.385,2287.9,195.33,3,2,1.15,0.02,1,1,19.9,44.9,352284.496,8.427219468
PR_20220717,17-07-2022,Textiles,6,Swing,87,0,18,3034.39,2072.47,221.99,1,1,1.45,0.03,0,0,23.8,56.6,300301.6044,4.965753425
PR_20220718,18-07-2022,Furniture,20,Night,143,0,6,2110.045,2293.745,467.83,3,0,0.58,0.01,0,1,23.4,52.3,316393.4656,22.37871674
PR_20220719,19-07-2022,Furniture,18,Night,124,7,2,898.46,1344.35,240.43,4,7,2.44,0.01,2,0,20.7,44,114353.1665,56.62100457
PR_20220720,20-07-2022,Appliances,9,Night,191,5,8,1728.45,1652.465,313.02,1,2,0.68,0.04,0,2,23.4,57.3,342643.1101,25.23117569
PR_20220721,21-07-2022,Textiles,8,Day,136,6,10,3745.81,1614.055,409.2,3,6,0.83,0.01,0,0,18.5,58.1,525780.5372,13.4254689
PR_20220722,22-07-2022,Automotive,1,Night,109,0,1,2097.52,2231.12,438.08,2,4,1.52,0.03,1,0,24.4,51.3,231597.0696,81.95488722
PR_20220723,23-07-2022,Textiles,7,Swing,147,3,23,2714.585,2194.38,138.22,1,1,1.36,0.03,2,2,21,56.1,448988.0838,6.458699473
PR_20220724,24-07-2022,Automotive,4,Swing,109,9,14,2434.025,2368.06,401.67,3,1,2.25,0.03,0,1,24.6,49,299550.8726,7.538035961
PR_20220725,25-07-2022,Furniture,18,Swing,67,1,23,4087.325,1614.055,401.49,3,3,1.11,0.05,0,1,18.7,51.6,310554.3857,2.946350044
PR_20220726,26-07-2022,Furniture,18,Unknown,196,4,9,1766.025,1846.185,451.32,1,3,1.94,0.03,0,2,22.2,55.3,362738.1032,21.80200222
PR_20220727,27-07-2022,Furniture,20,Swing,123,0,18,3196.38,1275.88,406.25,2,3,1.35,0.05,0,0,23.8,35.9,415495.3988,7.024557396
PR_20220728,28-07-2022,Electronics,16,Swing,74,9,16,2827.31,2492.475,151.74,3,3,1.26,0.04,1,0,24.2,32.8,248502.346,4.695431472
PR_20220729,29-07-2022,Automotive,2,Night,100,6,7,2904.13,1767.695,220.3,4,2,0.92,0.03,1,0,19.7,30.8,302115.1409,15.10574018
PR_20220730,30-07-2022,Appliances,12,Night,80,1,7,3528.71,1951.395,269.35,4,5,2.13,0.02,0,2,18.9,37.8,296522.4695,10.9739369
PR_20220731,31-07-2022,Textiles,6,Day,152,0,10,1391.945,1919.665,145.3,4,2,0.89,0.03,1,2,23,37.8,231328.9929,14.77162293
PR_20220801,01-08-2022,Automotive,3,Night,55,7,5,3653.96,1740.14,148.29,2,7,0.52,0.04,1,0,18.9,56.8,210486.3658,10.05484461
PR_20220802,02-08-2022,Automotive,3,Unknown,76,6,9,1179.855,1543.915,415.43,4,3,2.16,0.05,1,2,19.7,45.8,102915.7707,8.857808858
PR_20220803,03-08-2022,Furniture,17,Swing,154,3,14,3055.265,2186.865,168.12,2,4,0.92,0.02,1,1,25,40.5,501433.0811,10.89108911
PR_20220804,04-08-2022,Electronics,14,Night,190,7,7,1527.215,1723.44,462.03,2,1,0.8,0.05,2,2,22.2,49.9,301562.7884,28.74432678
PR_20220805,05-08-2022,Automotive,1,Night,183,8,8,2980.115,2095.015,185.02,1,3,0.9,0.01,1,1,24.3,46.7,561283.159,24.07894737
PR_20220806,06-08-2022,Electronics,13,Swing,115,2,22,1219.935,2167.66,296.33,3,4,2.38,0.02,2,2,22.6,48.8,187135.6576,5.321610366
PR_20220807,07-08-2022,Electronics,16,Day,72,1,12,3204.73,2161.815,184.67,1,1,1.84,0.05,2,1,21.9,41.2,256358.0678,6.075949367
PR_20220808,08-08-2022,Electronics,14,Swing,120,9,17,1910.48,1354.37,476.46,1,5,1.88,0.03,0,2,22.3,44.7,252674.6573,6.940427993
PR_20220809,09-08-2022,Textiles,5,Night,118,4,7,3056.935,2473.27,316.86,2,2,0.8,0.05,1,2,24.8,38.4,378525.874,16.38888889
PR_20220810,10-08-2022,Automotive,4,Swing,124,3,15,2663.65,2203.565,323.84,4,3,1.73,0.05,0,2,24.8,51.6,362707.0412,8.429639701
PR_20220811,11-08-2022,Furniture,20,Swing,52,7,17,1585.665,2000.66,448.47,1,6,2.22,0.02,1,1,24.8,41.6,115905.6152,3.110047847
PR_20220812,12-08-2022,Automotive,4,Night,170,9,8,2611.045,1614.055,159.88,2,5,1.86,0.03,1,1,19.6,51.7,456757.8089,21.30325815
PR_20220813,13-08-2022,Electronics,16,Day,70,5,11,1366.06,1442.045,134.72,2,3,0.65,0.02,1,0,18.4,53.4,111573.2177,6.329113924
PR_20220814,14-08-2022,Automotive,3,Swing,164,5,20,4149.115,2246.985,489.83,3,1,1.37,0.04,1,1,22.9,36.4,726248.4143,8.047105005
PR_20220815,15-08-2022,Furniture,19,Swing,132,2,17,2826.475,1746.82,467.41,1,0,1.92,0.02,0,1,21.4,32,403122.5358,7.678883072
PR_20220816,16-08-2022,Furniture,20,Swing,142,4,22,2540.905,2394.78,201.09,2,7,0.69,0.02,1,0,24.3,38.8,412439.9668,6.586270872
PR_20220817,17-08-2022,Electronics,13,Night,69,0,5,3902.79,2430.685,336.87,3,7,1.22,0.04,1,0,21.8,45.3,282077.9131,13.11787072
PR_20220818,18-08-2022,Furniture,17,Swing,155,6,16,1837.835,1322.64,377.39,2,0,1.93,0.04,2,1,20.8,58.8,306661.5322,9.405339806
PR_20220819,19-08-2022,Electronics,13,Night,80,6,1,1597.355,1979.785,470.68,3,2,2.17,0.04,2,1,20.2,54.1,130461.1097,59.25925926
PR_20220820,20-08-2022,Automotive,2,Night,125,0,7,2960.91,1733.46,184.08,2,7,1.78,0.02,1,0,18.8,37,381450.5784,19.11314985
PR_20220821,21-08-2022,Appliances,11,Night,92,4,2,3866.05,1764.355,415.27,1,2,2.18,0.04,1,2,19.6,54.9,359822.8342,39.14893617
PR_20220822,22-08-2022,Automotive,1,Swing,99,0,18,3005.165,2024.04,171.43,1,3,1.81,0.03,2,1,21.3,36.6,334773.9114,5.377512222
PR_20220823,23-08-2022,Appliances,10,Swing,62,4,13,907.645,2226.11,323.77,2,4,2.36,0.04,2,1,19.7,36,84367.4982,4.912836767
PR_20220824,24-08-2022,Automotive,1,Swing,130,3,13,3715.75,1941.375,180.18,2,1,0.53,0.02,1,1,24.4,38.4,507508.825,10.31746032
PR_20220825,25-08-2022,Furniture,18,Day,129,5,10,1827.815,2200.225,219.09,4,7,1.2,0.05,2,2,24.4,40.6,258560.4638,12.46376812
PR_20220826,26-08-2022,Automotive,1,Night,86,9,2,3738.295,2461.58,312.7,2,5,0.63,0.03,2,2,21.9,41.3,327204.2356,37.06896552
PR_20220827,27-08-2022,Automotive,3,Swing,125,6,19,4113.21,1767.695,227.8,1,2,1.26,0.04,2,0,19.2,31.4,546906.6384,6.745817593
PR_20220828,28-08-2022,Automotive,2,Swing,125,2,17,3010.175,1809.445,498.86,3,2,0.99,0.03,0,0,20.3,47,407919.0681,7.146941109
PR_20220829,29-08-2022,Textiles,8,Swing,174,0,17,1772.705,2095.85,357.85,2,1,0.99,0.04,1,0,23.5,59.1,345065.1695,9.959931311
PR_20220830,30-08-2022,Textiles,7,Swing,144,2,24,1589.005,1301.765,434.54,3,3,1.08,0.03,1,2,22.7,55.4,259889.8506,6.032677
PR_20220831,31-08-2022,Appliances,9,Swing,102,6,20,3188.03,1399.46,178.71,3,4,1.08,0.02,0,1,23.2,48,353560.1088,5.029585799
PR_20220901,01-09-2022,Textiles,8,Night,144,1,7,1014.525,1441.21,152.09,3,7,1.66,0.05,0,2,19.9,54,156381.8394,20.16806723
PR_20220902,02-09-2022,Textiles,6,Night,101,1,4,3006.835,1976.445,212.1,1,4,1.8,0.03,0,0,18.1,53,312287.8708,23.2183908
PR_20220903,03-09-2022,Furniture,18,Day,136,5,11,1867.895,1933.86,425.79,3,4,1.02,0.02,1,0,18.1,38,275963.6924,11.99294533
PR_20220904,04-09-2022,Furniture,17,Swing,167,8,20,844.185,1635.765,179.37,2,5,0.78,0.03,1,1,22.7,38.9,173955.9174,8.283730159
PR_20220905,05-09-2022,Appliances,10,Night,129,0,5,2950.89,1972.27,198.24,1,1,1.33,0.04,1,2,21.9,52.5,389816.1428,27.80172414
PR_20220906,06-09-2022,Furniture,20,Swing,185,3,19,2778.88,2459.91,397.24,2,5,1.09,0.03,2,2,20.9,32.4,560462.1035,9.814323607
PR_20220907,07-09-2022,Appliances,11,Swing,61,4,23,2601.025,2332.155,420.36,2,3,2.34,0.03,0,2,23.4,57.1,211392.5495,2.697921274
PR_20220908,08-09-2022,Furniture,18,Night,150,8,4,1665.825,1702.565,318.99,3,6,2.1,0.03,1,2,24.3,56.8,257007.4974,35.79952267
PR_20220909,09-09-2022,Appliances,9,Swing,130,0,17,3890.265,2444.045,157.67,4,6,2.27,0.03,0,0,24.2,44.2,546574.442,7.779772591
PR_20220910,10-09-2022,Appliances,11,Night,143,0,6,941.88,1696.72,433.89,4,3,0.71,0.04,1,1,23.2,50.9,144767.3568,24.07407407
PR_20220911,11-09-2022,Automotive,4,Swing,116,4,24,1204.905,1970.6,332.84,1,2,1.27,0.04,0,1,25,33.3,186866.32,4.853556485
PR_20220912,12-09-2022,Appliances,12,Swing,50,4,22,2132.59,2111.715,472.88,1,1,2.2,0.04,0,2,18.1,46.3,152031.3725,2.325581395
PR_20220913,13-09-2022,Appliances,11,Day,65,7,10,2133.425,2014.855,182.61,1,4,0.85,0.02,1,0,19.7,59.1,157894.3417,6.813417191
PR_20220914,14-09-2022,Appliances,10,Night,116,4,2,1262.52,2311.28,158.46,4,3,2.06,0.04,0,1,23.5,58.1,151097.9928,57.71144279
PR_20220915,15-09-2022,Electronics,14,Night,117,5,2,4119.055,1960.58,190.29,3,6,2.25,0.01,0,2,20.3,36.5,485929.0182,57.35294118
PR_20220916,16-09-2022,Appliances,12,Swing,84,2,12,4133.25,1721.77,176.07,1,3,1.05,0.03,1,0,24.2,50.5,368422.4241,6.812652068
PR_20220917,17-09-2022,Automotive,3,Swing,114,3,23,3417.655,1935.53,422.22,1,7,2.43,0.04,1,1,22.9,40,434168.5706,4.952215465
PR_20220918,18-09-2022,Electronics,16,Swing,119,1,20,1851.195,2423.17,138.09,4,3,2.17,0.04,2,0,18.2,42.6,269870.2632,5.816226784
PR_20220919,19-09-2022,Automotive,4,Swing,171,5,12,1973.94,2141.775,424.7,4,7,0.84,0.05,1,0,21.3,53.2,363266.4578,14.23813489
PR_20220920,20-09-2022,Automotive,3,Night,156,8,6,3813.445,1603.2,358.31,3,3,1.65,0.03,0,2,18.8,57.6,604484.556,26.08695652
PR_20220921,21-09-2022,Automotive,3,Night,153,6,3,860.05,1277.55,466.77,3,2,0.96,0.04,1,1,24.2,37.7,134819.8515,60.4743083
PR_20220922,22-09-2022,Furniture,17,Day,143,6,10,1354.37,2009.845,286.54,2,4,1.42,0.04,2,2,19.4,55.4,213471.8833,14.5177665
PR_20220923,23-09-2022,Appliances,11,Swing,174,4,20,1766.86,1437.035,207.97,3,3,1.52,0.03,0,0,18.9,58.1,335858.1923,8.796764408
PR_20220924,24-09-2022,Furniture,18,Swing,119,9,12,4170.825,1882.925,460.87,4,5,1.84,0.02,1,1,23,51.3,519224.543,9.786184211
PR_20220925,25-09-2022,Automotive,4,Day,150,6,12,986.135,1560.615,102.88,1,3,1.73,0.02,1,2,20.1,41.2,166491.5685,12.60504202
PR_20220926,26-09-2022,Appliances,12,Day,99,0,12,3000.99,2376.41,467.22,4,1,1.21,0.02,2,1,22.4,51.6,325496.1095,8.284518828
PR_20220927,27-09-2022,Automotive,1,Night,155,9,6,3538.73,1415.325,349.9,1,4,1.56,0.01,2,2,23.3,50.7,556796.9545,26.45051195
PR_20220928,28-09-2022,Furniture,18,Swing,159,0,20,1183.195,2484.96,164.65,1,8,0.66,0.02,2,1,22.2,49.9,236982.3186,8.087487284
PR_20220929,29-09-2022,Textiles,7,Swing,136,6,18,1248.325,1391.11,217.24,4,3,1.62,0.02,1,0,22.1,59.7,195257.3352,7.423580786
PR_20220930,30-09-2022,Electronics,13,Night,177,6,8,1772.705,2010.68,336.04,2,3,2.45,0.01,2,1,19,42.8,329612.9434,22.46192893
PR_20221001,01-10-2022,Automotive,1,Night,182,1,5,2798.085,1902.965,138.83,4,1,1.63,0.03,2,2,18.2,33.8,519203.977,34.79923518
PR_20221002,02-10-2022,Furniture,17,Swing,115,2,19,1655.805,2160.98,122.96,3,4,2.24,0.03,1,1,23.8,36.1,231778.7322,6.008359457
PR_20221003,03-10-2022,Furniture,18,Swing,151,2,23,2522.535,1533.895,307.55,4,5,2.24,0.03,1,0,20.9,53.6,416918.6396,6.431005111
PR_20221004,04-10-2022,Appliances,11,Night,111,9,4,1465.425,1789.405,113.4,4,3,2.41,0.04,0,2,19.6,44.3,170159.782,26.49164678
PR_20221005,05-10-2022,Furniture,18,Night,144,2,5,3345.01,1258.345,408.4,1,4,0.64,0.01,1,1,24.3,33.3,487545.3277,30.90128755
PR_20221006,06-10-2022,Textiles,7,Swing,155,6,15,2186.03,2091.675,378.74,1,3,1.78,0.01,1,1,24.4,30.9,369331.2715,10.63100137
PR_20221007,07-10-2022,Automotive,4,Swing,89,4,12,1530.555,1652.465,471.01,2,6,2.34,0.03,2,1,24.5,42.8,156214.2215,7.355371901
PR_20221008,08-10-2022,Appliances,12,Night,163,9,5,3497.815,2453.23,430.27,1,1,2.08,0.03,1,1,19.7,52.6,581183.38,36.22222222
PR_20221009,09-10-2022,Automotive,4,Swing,143,0,15,1637.435,1826.98,125.42,1,3,1.4,0.02,0,0,22.8,35.7,261192.509,9.662162162
PR_20221010,10-10-2022,Textiles,6,Night,102,3,2,2570.13,2120.9,180.78,2,0,1.04,0.02,1,2,21.7,30.8,265398.237,66.66666667
PR_20221011,11-10-2022,Appliances,10,Swing,88,8,12,956.91,1471.27,180.22,4,3,1.19,0.01,0,1,21.9,59,102363.5518,7.131280389
PR_20221012,12-10-2022,Textiles,8,Night,132,0,4,1872.07,2262.015,276.89,2,6,0.75,0.03,0,0,21.1,33.9,255414.8351,35.96730245
PR_20221013,13-10-2022,Furniture,20,Day,53,7,10,1413.655,1271.705,318.65,1,1,0.92,0.03,0,1,19.2,35.8,87310.1217,5.441478439
PR_20221014,14-10-2022,Textiles,6,Swing,140,6,24,1689.205,1320.135,285.12,2,2,1.93,0.03,1,2,20.7,49.8,267657.0874,5.929690809
PR_20221015,15-10-2022,Furniture,18,Day,186,6,9,4128.24,2226.11,190.84,1,3,0.85,0.05,0,0,18.5,42.2,788933.9017,19.64097149
PR_20221016,16-10-2022,Electronics,16,Day,142,5,9,2070.8,1759.345,466.04,4,5,2.17,0.03,1,2,23.4,57.8,309940.4854,15.72535991
PR_20221017,17-10-2022,Appliances,11,Day,120,0,11,1332.66,1320.135,114.78,2,3,1.01,0.04,1,1,21.4,58.2,174427.4837,10.91901729
PR_20221018,18-10-2022,Appliances,9,Swing,91,2,14,4134.085,1743.48,112.07,2,2,1.32,0.03,0,0,19.1,50.2,400087.411,6.642335766
PR_20221019,19-10-2022,Electronics,15,Night,182,9,1,1837,1453.735,403.62,2,1,1.1,0.04,0,2,22,43,336122.0941,147.9674797
PR_20221020,20-10-2022,Automotive,1,Swing,80,6,20,3312.445,1838.67,213.95,4,2,1.15,0.04,1,2,18.4,34.9,301346.1059,4.046535154
PR_20221021,21-10-2022,Automotive,3,Night,152,9,8,3791.735,2491.64,397.48,1,4,2.12,0.01,0,0,18.8,32.7,595878.1776,19.3877551
PR_20221022,22-10-2022,Furniture,18,Swing,90,2,20,2012.35,1268.365,219.67,3,2,1.94,0.02,1,1,22.4,50.6,207087.6152,4.39453125
PR_20221023,23-10-2022,Appliances,12,Night,174,9,4,2989.3,2227.78,326.38,3,7,1.27,0.05,2,2,19,30.5,529561.7094,41.13475177
PR_20221024,24-10-2022,Electronics,13,Day,78,0,11,1012.02,1712.585,446.19,2,0,1.22,0.03,0,1,19.9,48.6,97621.86235,7.149404216
PR_20221025,25-10-2022,Furniture,20,Swing,77,21,24,2149.29,2235.295,175.02,4,4,1.84,0.04,1,1,22.6,46.3,218516.5274,3.246205734
PR_20221026,26-10-2022,Furniture,20,Night,153,9,5,3826.805,1811.95,386.9,2,3,1.88,0.04,0,0,21.5,41.1,595340.0535,28.17679558
PR_20221027,27-10-2022,Electronics,13,Swing,87,4,13,5010,2193.545,424.57,3,4,0.59,0.03,2,2,19.2,32,463881.5697,6.8128426
PR_20221028,28-10-2022,Appliances,12,Unknown,124,5,8,1651.63,1941.375,489.53,2,2,0.93,0.02,2,1,19.8,60,221109.67,14.76190476
PR_20221029,29-10-2022,Textiles,5,Swing,58,7,16,896.79,2185.195,176.33,1,1,1.66,0.01,2,0,24.5,51.7,86736.56855,3.650094399
PR_20221030,30-10-2022,Textiles,5,Night,137,8,3,2901.625,1895.45,300.45,2,6,1.68,0.03,2,2,23,51.3,402564.522,51.5037594
PR_20221031,31-10-2022,Textiles,8,Swing,190,6,20,1234.965,2092.51,217.58,4,2,0.89,0.05,1,0,20.1,52.1,275489.1452,9.733606557
PR_20221101,01-11-2022,Furniture,18,Swing,199,1,16,3555.43,1828.65,274.26,4,0,0.63,0.04,1,0,18.3,53,736167.229,12.70753512
PR_20221102,02-11-2022,Furniture,20,Swing,175,9,21,2392.275,1547.255,126.61,1,3,2.46,0.04,0,2,24,31.9,451094.0624,8.345255126
PR_20221103,03-11-2022,Automotive,4,Swing,133,5,18,2161.815,2201.06,457.54,3,1,0.75,0.01,2,1,23.9,33.6,328218.9944,7.193077339
PR_20221104,04-11-2022,Furniture,19,Night,91,1,4,1660.815,1877.08,228.32,1,3,2.24,0.05,0,1,19.9,46.9,158924.047,21.92771084
PR_20221105,05-11-2022,Automotive,4,Swing,125,0,21,2669.495,1742.645,495.57,2,5,1.2,0.04,1,1,21.6,38.2,370247.5671,5.958055291
PR_20221106,06-11-2022,Electronics,15,Day,150,0,10,3573.8,2494.145,276.17,1,3,2.21,0.04,1,0,19.6,56.2,561011.45,15
PR_20221107,07-11-2022,Electronics,15,Swing,153,3,12,2410.645,1319.3,241.64,1,6,1.75,0.05,2,2,21,59,385029.689,12.45928339
PR_20221108,08-11-2022,Appliances,10,Night,60,1,2,1159.815,2160.98,301.61,2,6,0.6,0.04,0,0,18.5,53.1,74753.6422,25.10460251
PR_20221109,09-11-2022,Appliances,10,Night,143,3,6,2696.215,1771.035,155.96,3,6,2.32,0.02,1,2,18.5,32,396574.5827,22.9903537
PR_20221110,10-11-2022,Furniture,17,Night,193,6,8,1926.345,1669.165,438.54,2,3,2.04,0.03,0,0,19.3,44.2,384620.4639,25.09752926
PR_20221111,11-11-2022,Appliances,10,Swing,70,0,20,2560.11,2373.905,423.17,3,4,1.43,0.02,2,1,18.4,44,225546.3256,3.586065574
PR_20221112,12-11-2022,Automotive,3,Day,152,3,12,1122.24,2224.44,429.34,4,5,1.69,0.04,1,0,24.4,45.3,197118.0492,12.7409891
PR_20221113,13-11-2022,Electronics,14,Day,137,0,9,1083.83,1278.385,265.92,1,1,1.16,0.03,1,2,21.8,50.2,160463.1775,14.62113127
PR_20221114,14-11-2022,Automotive,4,Swing,103,8,23,3290.735,2174.34,243.49,2,0,0.79,0.01,0,0,23.2,33.7,388564.1438,4.513584575
PR_20221115,15-11-2022,Automotive,3,Night,163,4,6,2466.59,1262.52,483.53,2,4,0.62,0.03,0,1,20,50.5,410210.0492,25.23219814
PR_20221116,16-11-2022,Textiles,8,Swing,151,9,12,2196.05,1311.785,327.12,4,2,1.58,0.03,2,0,18.9,53.9,347449.9128,12.5
PR_20221117,17-11-2022,Appliances,12,Night,58,7,7,4021.36,1571.47,455.54,1,1,0.86,0.05,1,2,23.1,36.5,244160.5965,8.345323741
PR_20221118,18-11-2022,Automotive,2,Night,145,4,6,1478.785,2480.785,203.84,2,7,1.21,0.01,1,2,18.6,43.5,230276.0412,22.69170579
PR_20221119,19-11-2022,Textiles,5,Swing,89,2,21,3860.205,1742.645,317.84,3,2,1.1,0.02,2,0,21.4,31.2,380815.9951,4.162768943
PR_20221120,20-11-2022,Furniture,17,Swing,100,8,14,3616.385,1965.59,369.76,4,1,1.25,0.04,1,2,23.9,32.2,389058.4805,7.168458781
PR_20221121,21-11-2022,Textiles,7,Night,131,0,1,2606.035,2231.12,139.29,4,2,0.84,0.02,1,0,23.7,44.6,343621.705,131
PR_20221122,22-11-2022,Electronics,13,Night,199,0,4,2343.845,1580.655,453.52,4,0,2.07,0.05,2,0,24.4,54.5,473364.2305,45.33029613
PR_20221123,23-11-2022,Textiles,7,Swing,158,0,21,1250.83,2428.18,276.67,3,4,1.97,0.02,0,0,23.9,37.5,249229.965,7.435294118
PR_20221124,24-11-2022,Furniture,20,Night,150,8,2,2073.305,1830.32,418.71,2,0,2.14,0.04,0,2,19.5,46.4,315443.4276,61.72839506
PR_20221125,25-11-2022,Electronics,14,Swing,78,0,22,2642.775,2351.36,419.55,2,4,1.47,0.04,1,2,22.5,32.9,256808.258,3.619489559
PR_20221126,26-11-2022,Textiles,7,Night,51,7,6,2014.02,1819.465,372.55,3,5,1.91,0.02,1,1,24.5,53.2,113140.5545,8.90052356
PR_20221127,27-11-2022,Textiles,7,Swing,159,1,24,3900.285,2388.935,251.96,1,1,0.77,0.03,1,0,19.8,58.5,676476.4023,6.743002545
PR_20221128,28-11-2022,Automotive,1,Swing,119,3,15,985.3,2330.485,324.6,2,2,1.68,0.03,0,0,20.5,39.8,153000.3399,7.757496741
PR_20221129,29-11-2022,Automotive,3,Swing,89,5,24,1842.845,1683.36,422.47,4,2,2.37,0.05,1,2,24,56.3,203673.1666,3.777589134
PR_20221130,30-11-2022,Automotive,4,Swing,146,2,13,3942.035,1361.885,141.04,1,0,1.11,0.05,1,2,20.9,32.2,593064.57,11.34421134
PR_20221201,01-12-2022,Appliances,9,Swing,77,9,19,1108.045,1331.825,427.02,3,4,1.73,0.05,2,0,21.7,38.3,110637.4583,4.050499737
PR_20221202,02-12-2022,Automotive,1,Night,156,5,7,2390.605,1837.835,214.75,4,2,0.94,0.05,1,2,24.2,45.5,386350.5755,21.36986301
PR_20221203,03-12-2022,Automotive,1,Night,98,8,5,3333.32,1303.435,251.21,2,4,1.1,0.05,0,2,22.3,43.3,332648.1267,21.35076253
PR_20221204,04-12-2022,Furniture,18,Night,181,3,3,1964.755,2031.555,213.37,2,3,2.41,0.04,2,2,23.4,35.8,362548.2576,53.07917889
PR_20221205,05-12-2022,Automotive,4,Unknown,165,2,9,3537.895,2264.52,492.9,4,3,0.68,0.03,1,1,22.2,54.3,603318.1278,19.09722222
PR_20221206,06-12-2022,Textiles,6,Day,62,0,10,1332.66,2338.835,385.22,1,1,2.04,0.03,1,2,24.5,35.5,105732.6098,6.275303644
PR_20221207,07-12-2022,Automotive,3,Unknown,141,2,8,4129.91,2436.53,499.22,4,6,2.25,0.04,0,0,21.3,38.4,602686.7008,16.86602871
PR_20221208,08-12-2022,Electronics,16,Swing,71,6,23,2983.455,1357.71,138.46,4,1,1.7,0.04,0,0,22.7,36.6,243188.406,3.073593074
PR_20221209,09-12-2022,Electronics,16,Night,144,3,4,1816.125,2349.69,487.37,3,5,0.53,0.01,0,0,21.4,32.6,271390.698,34.28571429
PR_20221210,10-12-2022,Automotive,3,Night,56,9,6,1069.635,1378.585,190.6,1,7,2.02,0.03,0,0,19.3,36.5,67660.99355,9.946714032
PR_20221211,11-12-2022,Textiles,8,Night,152,8,6,2696.215,2493.31,107.46,1,1,1.3,0.03,2,0,23.3,37.8,424011.6139,26.71353251
PR_20221212,12-12-2022,Appliances,11,Swing,87,6,18,2800.59,1388.605,186.47,2,3,2.03,0.02,0,1,21.9,36.3,268424.0432,4.876681614
PR_20221213,13-12-2022,Automotive,4,Swing,141,2,16,2311.28,2499.155,173.62,3,6,0.76,0.02,2,1,18.1,30.1,366751.6643,8.623853211
PR_20221214,14-12-2022,Electronics,13,Night,194,8,5,3967.92,1767.695,398.94,2,3,1.74,0.02,1,1,19.5,51.5,778738.6937,38.2642998
PR_20221215,15-12-2022,Textiles,7,Night,73,6,2,1911.315,2179.35,368.68,4,1,1.25,0.02,1,0,23.3,45.6,143012.955,45.625
PR_20221216,16-12-2022,Appliances,9,Night,168,3,2,2770.53,1472.105,242.29,3,5,0.53,0.03,0,1,18.3,45.9,468260.7606,87.95811518
PR_20221217,17-12-2022,Automotive,4,Night,191,4,7,1063.79,1356.04,174.09,4,0,1.56,0.05,1,2,19.4,45.5,212120.1936,28.98330804
PR_20221218,18-12-2022,Appliances,11,Swing,184,3,18,2362.215,2095.015,243.8,2,0,1.69,0.02,1,2,19.4,47.5,473153.9357,10.01088139
PR_20221219,19-12-2022,Furniture,19,Swing,114,7,22,3456.9,1945.55,486.27,4,3,2.35,0.02,0,0,19.8,40.1,436168.8465,5.270457698
PR_20221220,20-12-2022,Furniture,19,Swing,182,2,22,3331.65,2389.77,220.67,1,6,2.35,0.04,1,2,21.5,49.6,658385.5929,8.360128617
PR_20221221,21-12-2022,Textiles,5,Day,188,0,11,2430.685,2105.035,374.94,4,2,1.9,0.02,1,2,24.5,56.6,479997.8629,17.18464351
PR_20221222,22-12-2022,Appliances,11,Swing,70,1,20,3697.38,2049.925,234.14,4,6,1.26,0.04,2,1,23.3,34.6,299610.1075,3.51758794
PR_20221223,23-12-2022,Furniture,19,Swing,77,3,18,4007.165,2069.965,422.33,3,6,0.56,0.04,1,2,20.9,54.3,344817.4918,4.394977169
PR_20221224,24-12-2022,Automotive,2,Night,190,0,3,2284.56,1754.335,330.36,4,3,1.93,0.05,2,1,21.2,58.7,438732.9311,71.42857143
PR_20221225,25-12-2022,Automotive,1,Swing,170,3,22,2004.835,2156.805,366.42,2,1,1.3,0.02,0,1,18.8,38.5,388681.453,7.661108607
PR_20221226,26-12-2022,Appliances,10,Swing,198,1,13,2950.89,2372.235,115.16,1,3,1.12,0.04,0,1,22.5,41.7,616253.9478,14.6884273
PR_20221227,27-12-2022,Furniture,17,Day,107,3,12,4168.32,2118.395,394.29,1,4,1.18,0.04,2,0,23.6,36.7,470668.3578,9.192439863
PR_20221228,28-12-2022,Textiles,6,Swing,184,5,14,967.765,1393.615,207.58,1,4,0.66,0.03,2,1,23.5,58.9,198262.2414,12.6984127
PR_20221229,29-12-2022,Automotive,2,Night,144,3,5,2059.11,1818.63,357.52,1,3,0.88,0.02,1,1,22.6,36.2,305750.4804,28.34645669
PR_20221230,30-12-2022,Appliances,9,Night,75,1,5,2473.27,1758.51,267.65,4,4,1.92,0.02,0,1,21.9,46.7,193707.4917,16.05995717
PR_20221231,31-12-2022,Furniture,18,Day,108,2,11,4109.035,1859.545,228.22,3,5,1.2,0.03,0,0,18.2,55.8,464267.9659,9.800362976
PR_20230101,01-01-2023,Textiles,6,Swing,94,7,14,3593.005,1617.395,240.26,2,7,0.61,0.02,2,2,24.6,35.3,360709.479,6.61971831
PR_20230102,02-01-2023,Automotive,4,Night,137,1,2,1827.815,1951.395,146.62,4,3,1.09,0.03,1,2,23.1,55.5,254918.3775,59.30735931
PR_20230103,03-01-2023,Appliances,11,Night,123,0,3,3449.385,2260.345,153.31,4,5,2.27,0.03,1,0,19.4,35.3,430964.9762,41.55405405
PR_20230104,04-01-2023,Electronics,14,Swing,117,6,23,1530.555,1672.505,147.12,2,3,2.29,0.02,1,1,18.6,44.6,216906.9981,5.172413793
PR_20230105,05-01-2023,Appliances,9,Day,84,3,9,2806.435,2405.635,369.65,4,5,2.01,0.04,1,2,19.3,30.8,257896.4383,9.120521173
PR_20230106,06-01-2023,Appliances,10,Night,123,0,4,968.6,1598.19,212.21,3,5,0.67,0.03,1,1,23.1,47.2,124747.4469,35.04273504
PR_20230107,07-01-2023,Appliances,10,Night,96,2,4,2252.83,1880.42,483.95,3,1,2.34,0.03,0,1,23.3,45.4,224583.1364,21.71945701
PR_20230108,08-01-2023,Automotive,1,Day,126,7,10,3395.11,2072.47,428.22,4,3,2.28,0.04,1,2,24.9,51.4,448715.807,12.47524752
PR_20230109,09-01-2023,Automotive,4,Swing,159,6,20,1792.745,2278.715,238.09,4,2,0.78,0.02,1,2,24.6,54.5,331737.3254,7.75988287
PR_20230110,10-01-2023,Automotive,2,Unknown,132,1,9,3269.025,2089.17,306.34,4,7,1.33,0.02,0,1,21.6,59.2,450209.3715,14.74860335
PR_20230111,11-01-2023,Appliances,9,Swing,157,9,18,1928.85,2356.37,413.98,3,2,1.53,0.02,2,2,20.4,51.3,345008.473,8.770949721
PR_20230112,12-01-2023,Appliances,9,Night,141,1,8,1075.48,2293.745,158.49,1,4,0.5,0.04,1,2,19.4,47.4,169304.5165,18.31168831
PR_20230113,13-01-2023,Furniture,18,Day,145,0,11,3845.175,1508.01,173.04,2,1,1.08,0.04,1,1,19.4,54.6,574515.4875,12.88888889
PR_20230114,14-01-2023,Furniture,18,Night,77,4,7,2238.635,1716.76,251.48,3,3,1.05,0.03,0,1,19.2,54.5,183808.5166,11.56156156
PR_20230115,15-01-2023,Textiles,5,Swing,69,5,18,3304.93,1289.24,308.96,2,2,1.57,0.02,1,2,21.9,56.6,251078.8888,3.861219922
PR_20230116,16-01-2023,Electronics,15,Swing,71,2,19,2818.96,1612.385,150.82,2,0,0.51,0.04,1,0,18.2,56.3,230942.7135,3.717277487
PR_20230117,17-01-2023,Automotive,3,Day,179,0,12,3086.16,1271.705,286.64,1,3,1.4,0.05,1,2,20.1,51.3,567148.9839,15.45768566
PR_20230118,18-01-2023,Electronics,16,Swing,116,3,17,2632.755,2112.55,178.47,2,5,1.16,0.02,1,1,20.7,51.2,342326.954,6.636155606
PR_20230119,19-01-2023,Automotive,2,Unknown,193,0,8,2665.32,2141.775,451.63,3,4,1.61,0.02,2,1,19.1,37.5,532333.4168,23.05854241
PR_20230120,20-01-2023,Furniture,20,Day,89,9,12,3731.615,2232.79,474.08,3,4,1.25,0.04,0,0,23.9,31.4,357947.1153,7.692307692
PR_20230121,21-01-2023,Textiles,7,Swing,174,1,21,2726.275,1430.355,394.24,3,3,0.85,0.03,1,2,19.4,46.1,504609.5547,8.230842006
PR_20230122,22-01-2023,Electronics,16,Night,122,7,2,3537.06,1659.145,154.81,2,5,2.03,0.04,1,1,23.1,40.7,434955.7502,58.93719807
PR_20230123,23-01-2023,Appliances,10,Day,81,9,12,2327.98,2039.905,375.06,4,5,0.72,0.02,1,1,24.1,39.9,212045.6865,7.037358818
PR_20230124,24-01-2023,Furniture,19,Night,196,5,2,4084.82,2321.3,315.77,3,6,1.63,0.04,0,1,21.7,44.3,805894.071,86.34361233
PR_20230125,25-01-2023,Textiles,6,Day,195,9,11,1042.915,2316.29,439.79,4,5,0.82,0.04,0,1,22.7,54.6,228708.6376,17.82449726
PR_20230126,26-01-2023,Automotive,4,Swing,134,8,13,2100.025,1757.675,252.58,3,2,2.1,0.04,0,1,20.5,51.1,304235.5483,10.31562741
PR_20230127,27-01-2023,Automotive,1,Swing,52,9,18,1431.19,1666.66,492.24,3,7,1.44,0.04,0,0,24.2,36.2,105055.0908,2.829162133
PR_20230128,28-01-2023,Textiles,8,Unknown,137,6,8,1826.98,1833.66,420.44,2,4,1.89,0.01,1,2,18.5,35.1,265038.8864,17.039801
PR_20230129,29-01-2023,Automotive,3,Swing,175,1,19,1241.645,1452.065,180.9,4,2,1.02,0.04,0,2,22.5,59.8,244862.5894,9.215376514
PR_20230130,30-01-2023,Automotive,4,Night,198,0,2,2501.66,1540.575,367.84,3,3,0.67,0.03,1,0,20.5,49.6,498933.6255,84.61538462
PR_20230131,31-01-2023,Appliances,9,Night,53,0,6,879.255,1275.045,307.49,3,5,1.2,0.04,0,0,22.6,50.4,54582.2967,8.466453674
PR_20230201,01-02-2023,Automotive,4,Swing,67,1,15,2787.23,2188.535,394.17,3,3,1.35,0.05,1,2,22.9,53.7,219375.4669,4.493628437
PR_20230202,02-02-2023,Electronics,15,Night,86,8,1,3971.26,2498.32,250.23,4,3,2.01,0.03,0,2,22.5,46.4,344451.3944,73.5042735
PR_20230203,03-02-2023,Textiles,8,Swing,133,3,16,1376.08,1349.36,105.41,3,8,1.04,0.02,1,0,24.4,40.9,204257.5664,8.449809403
PR_20230204,04-02-2023,Textiles,7,Swing,79,3,18,3032.72,1441.21,255.03,3,5,2.33,0.03,2,0,22.8,46.6,264863.7034,4.503990878
PR_20230205,05-02-2023,Appliances,12,Swing,118,0,20,1700.895,1508.01,363.29,4,5,2.34,0.02,1,0,22.2,49.2,231423.7737,5.792832597
PR_20230206,06-02-2023,Furniture,19,Swing,133,8,19,1320.97,1934.695,153.68,2,6,1.18,0.02,1,2,19,44.9,211577.6023,7.169811321
PR_20230207,07-02-2023,Furniture,19,Swing,87,1,22,3633.085,1737.635,475.43,4,4,0.96,0.05,2,0,20,48.2,355157.8061,3.868385949
PR_20230208,08-02-2023,Automotive,2,Swing,194,1,13,2413.985,1351.03,234.68,2,6,2.03,0.02,2,1,18.2,58.5,486146.686,14.6969697
PR_20230209,09-02-2023,Textiles,7,Swing,189,1,18,1057.945,1258.345,336,3,1,1.45,0.03,0,1,20.8,42.2,222715.0661,10.44776119
PR_20230210,10-02-2023,Electronics,13,Swing,133,8,20,2645.28,1675.845,144.29,3,5,1.49,0.04,1,0,18.8,49.3,384786.1111,6.761565836
PR_20230211,11-02-2023,Electronics,16,Swing,60,2,16,4104.025,1806.105,109.96,2,2,2.08,0.03,0,0,23.4,50.9,274398.677,3.848620911
PR_20230212,12-02-2023,Automotive,2,Swing,144,0,22,3522.03,2115.89,309.39,4,2,1.36,0.04,1,1,20.4,46,554568.256,6.428571429
PR_20230213,13-02-2023,Furniture,20,Day,73,1,12,2692.875,2479.115,289.02,4,7,1.5,0.03,1,1,22.8,30.5,226031.7612,6.144781145
PR_20230214,14-02-2023,Automotive,1,Night,163,6,6,4010.505,1770.2,499.11,1,5,2.05,0.05,2,0,24.1,59.5,664652.151,26.37540453
PR_20230215,15-02-2023,Furniture,20,Night,170,0,7,3514.515,1904.635,429.8,4,5,0.96,0.01,0,1,22.3,40.9,610971.4122,23.977433
PR_20230216,16-02-2023,Appliances,10,Day,75,5,9,2329.65,2170.165,381.17,1,0,2.35,0.02,0,1,19.6,49.3,194797.7763,8.108108108
PR_20230217,17-02-2023,Appliances,10,Swing,192,5,18,2405.635,1775.21,356.2,1,6,1.74,0.03,1,0,19,56.2,493729.1874,10.70234114
PR_20230218,18-02-2023,Appliances,10,Swing,188,6,14,3932.015,2000.66,478,2,1,1.82,0.03,0,0,20.9,54.5,766827.928,13.62318841
PR_20230219,19-02-2023,Textiles,7,Swing,90,0,23,986.135,1713.42,457.23,2,7,2.42,0.01,0,0,18.2,47.7,127304.1,4
PR_20230220,20-02-2023,Furniture,17,Swing,111,7,22,1931.355,2493.31,139.66,4,3,0.64,0.03,1,1,19.5,51.5,268410.4327,5.122288879
PR_20230221,21-02-2023,Furniture,19,Day,84,7,12,2300.425,1531.39,225.86,2,3,0.97,0.01,1,2,18.2,37.4,210877.3128,7.291666667
PR_20230222,22-02-2023,Textiles,8,Day,90,1,10,1508.845,2190.205,185.75,3,7,1.77,0.04,1,0,22.3,41.2,157939.0225,8.902077151
PR_20230223,23-02-2023,Appliances,10,Swing,168,8,23,1427.85,1366.895,367.93,1,2,0.76,0.04,0,1,22.8,59.5,271754.7914,7.204116638
PR_20230224,24-02-2023,Textiles,5,Swing,176,2,12,2510.01,1592.345,441.59,2,2,1.3,0.01,1,1,23,53.3,460981.3641,14.58160729
PR_20230225,25-02-2023,Automotive,4,Swing,193,5,24,2793.075,2127.58,479.29,3,3,1.71,0.03,0,2,22.1,35.8,589699.879,8.109243697
PR_20230226,26-02-2023,Appliances,12,Night,126,2,6,2368.895,1636.6,498.29,3,1,0.8,0.04,1,1,21,57.4,309020.474,19.56521739
PR_20230227,27-02-2023,Furniture,17,Swing,100,3,21,2194.38,1637.435,445.07,2,5,1.24,0.04,1,2,20.5,45.8,254610.1038,4.655493482
PR_20230228,28-02-2023,Automotive,1,Night,198,6,7,3192.205,1511.35,236.18,2,3,1.57,0.01,0,0,20,56.1,642938.31,27.5
PR_20230301,01-03-2023,Automotive,1,Swing,161,2,16,3309.94,1358.545,180.63,1,5,1.99,0.03,1,2,24,50.3,554351.7656,10.19632679
PR_20230302,02-03-2023,Appliances,12,Swing,195,2,24,1416.16,1696.72,209.15,1,4,0.59,0.05,1,1,22.4,50.2,316838.5456,8.13177648
PR_20230303,03-03-2023,Textiles,8,Swing,191,0,14,1052.1,1371.905,379.3,2,4,0.84,0.03,0,1,21.2,30.6,220418.432,13.46018323
PR_20230304,04-03-2023,Furniture,19,Swing,68,5,20,1052.1,2487.465,359.04,3,3,1.22,0.03,1,2,21.4,56,121416.4733,3.391521197
PR_20230305,05-03-2023,Appliances,11,Night,121,0,7,3289.065,1630.755,435.94,3,5,0.63,0.02,2,2,19.4,44.1,408935.5386,18.00595238
PR_20230306,06-03-2023,Automotive,2,Swing,167,1,14,887.605,1917.16,206.96,4,4,1.52,0.01,1,2,18.3,30.8,175031.9318,11.94563662
PR_20230307,07-03-2023,Automotive,1,Day,189,0,12,4093.17,1594.85,325.88,2,4,2.17,0.05,0,2,20.3,45,792316.7205,16.11253197
PR_20230308,08-03-2023,Automotive,1,Day,118,8,10,3193.04,1540.575,462.64,4,3,1.67,0.04,1,2,18.1,59.1,391583.6458,12.27887617
PR_20230309,09-03-2023,Automotive,3,Night,141,4,2,2828.98,2152.63,127.93,2,6,2.35,0.03,1,2,18.8,51,404074.0183,58.50622407
PR_20230310,10-03-2023,Textiles,5,Swing,100,0,18,941.88,1705.905,244.22,4,5,1.57,0.04,1,1,19.1,55.4,125030.7624,5.530973451
PR_20230311,11-03-2023,Furniture,18,Swing,118,8,23,941.88,1459.58,132.12,1,5,1.57,0.02,1,1,23.2,31.7,145398.1826,5.02769493
PR_20230312,12-03-2023,Textiles,8,Swing,124,0,15,2359.71,1503.835,400.39,1,4,2.14,0.05,0,0,19,56.9,315657.8306,8.088714938
PR_20230313,13-03-2023,Appliances,9,Night,73,0,3,2115.89,2351.36,121.94,3,3,2.42,0.03,2,2,19.7,34.2,160949.7236,26.44927536
PR_20230314,14-03-2023,Textiles,7,Swing,193,7,16,1801.93,1960.58,478.39,1,7,2.29,0.04,1,0,19.5,58.9,379749.5498,11.83323115
PR_20230315,15-03-2023,Appliances,12,Swing,139,0,24,1266.695,2079.985,433.89,2,0,0.83,0.04,1,1,18.9,46.7,225907.0456,5.801335559
PR_20230316,16-03-2023,Electronics,13,Swing,122,0,18,1745.15,1361.885,122.83,4,0,2.49,0.04,1,0,24,40.6,237789.9389,6.677613574
PR_20230317,17-03-2023,Electronics,14,Day,98,2,11,2955.065,1977.28,427.36,1,5,1.21,0.04,2,2,19.2,53.5,310832.3572,9.124767225
PR_20230318,18-03-2023,Appliances,10,Swing,94,7,24,2165.99,1485.465,143.94,2,3,1.17,0.03,2,1,22.3,47,238526.3422,3.998298596
PR_20230319,19-03-2023,Textiles,7,Swing,158,0,22,1877.915,1404.47,380.42,2,4,1.94,0.04,0,1,18.4,48.4,327538.6865,7.198177677
PR_20230320,20-03-2023,Appliances,10,Swing,163,5,19,3923.665,1860.38,378.17,3,5,1.47,0.04,2,0,22.2,32.8,674662.7656,8.638049815
PR_20230321,21-03-2023,Automotive,3,Swing,177,4,22,1943.88,1998.155,485.6,3,1,0.68,0.03,1,1,21.1,30.8,388845.4136,7.898259705
PR_20230322,22-03-2023,Textiles,8,Swing,197,7,19,3876.905,1706.74,282.86,2,4,2.17,0.01,1,0,22.9,31.5,795785.7948,10.4954715
PR_20230323,23-03-2023,Electronics,13,Swing,58,3,23,1105.54,2115.89,400.53,1,6,2.23,0.05,1,2,21,32.3,113781.2583,2.471239881
PR_20230324,24-03-2023,Furniture,20,Swing,190,0,18,3594.675,2289.57,326.44,3,2,2.19,0.03,1,1,21.7,42.1,725207.9208,10.30368764
PR_20230325,25-03-2023,Electronics,13,Night,196,5,4,2544.245,2025.71,492.18,2,4,1.6,0.04,1,1,23.4,31.5,507605.4011,44.44444444
PR_20230326,26-03-2023,Furniture,17,Night,91,5,3,2536.73,2232.79,301.01,1,4,1.09,0.04,0,0,22.4,55.8,238165.9812,27.74390244
PR_20230327,27-03-2023,Appliances,10,Night,64,6,7,2827.31,2315.455,476.35,3,5,2.21,0.01,0,2,21.1,54.6,196368.7703,9.60960961
PR_20230328,28-03-2023,Appliances,9,Night,132,4,4,3051.09,2492.475,262.83,3,2,2.3,0.02,0,0,23.9,58.7,413112.576,31.73076923
PR_20230329,29-03-2023,Automotive,1,Swing,142,8,14,3567.955,1982.29,175.3,1,3,2.34,0.04,0,1,23.6,39.1,534362.0242,10.15736767
PR_20230330,30-03-2023,Electronics,13,Swing,127,5,16,1014.525,1391.945,250.87,3,1,1.85,0.03,2,2,24.4,39.3,151394.184,7.839506173
PR_20230331,31-03-2023,Electronics,13,Night,64,0,4,1880.42,1770.2,278.86,3,5,1.57,0.02,2,2,20,46.7,127197.554,16.5374677
PR_20230401,01-04-2023,Appliances,12,Night,68,0,1,2382.255,2186.03,362.6,2,2,0.51,0.02,2,0,19.4,52.1,164529.1348,58.62068966
PR_20230402,02-04-2023,Appliances,10,Swing,85,2,17,4056.43,2343.845,346.8,2,1,0.75,0.03,0,0,20.7,43.5,384712.2304,4.991192014
PR_20230403,03-04-2023,Automotive,3,Night,88,8,2,1039.575,1515.525,174.57,2,2,1.47,0.04,0,1,24.9,51.1,94740.97875,40.93023256
PR_20230404,04-04-2023,Textiles,8,Swing,133,2,18,2154.3,2007.34,150.55,4,6,1.95,0.02,0,1,20.2,41.5,321831.0106,7.561114269
PR_20230405,05-04-2023,Appliances,12,Night,88,4,3,3448.55,2166.825,307.53,4,7,0.6,0.03,0,0,24.5,48.4,309149.4815,33.58778626
PR_20230406,06-04-2023,Automotive,2,Swing,74,0,23,3942.87,2489.97,123.65,1,3,1.58,0.04,1,1,22.3,32.8,349440.0852,3.195164076
PR_20230407,07-04-2023,Appliances,10,Night,187,2,7,3526.205,1731.79,346.65,1,1,1.41,0.02,1,2,19.3,33.3,671072.5996,27.74480712
PR_20230408,08-04-2023,Textiles,7,Night,109,5,3,4098.18,1306.775,345.46,4,4,0.79,0.01,1,2,23.4,32.4,450033.8963,42.74509804
PR_20230409,09-04-2023,Furniture,20,Swing,113,8,15,2596.015,2456.57,179.87,2,2,1.33,0.02,2,0,18.1,33.2,330959.7817,7.380796865
PR_20230410,10-04-2023,Furniture,18,Swing,137,7,18,3267.355,1310.115,477.92,3,3,1.21,0.02,0,2,22.9,30.8,470711.8613,7.775255392
PR_20230411,11-04-2023,Appliances,11,Swing,105,7,22,3778.375,1548.925,329.68,2,3,2.14,0.02,1,2,23.8,43.5,431208.4455,4.716981132
PR_20230412,12-04-2023,Textiles,8,Swing,173,7,20,2218.595,1943.045,499.96,2,0,0.89,0.03,0,1,22.2,39.7,422658.4046,8.654327164
PR_20230413,13-04-2023,Automotive,4,Night,66,4,7,1105.54,1362.72,117.19,4,6,2.47,0.02,2,1,23.1,56.7,83158.7856,8.823529412
PR_20230414,14-04-2023,Electronics,14,Night,91,6,6,1019.535,2434.025,402.94,2,4,2.3,0.03,1,2,23.3,52,106408.225,16.25
PR_20230415,15-04-2023,Appliances,10,Unknown,167,8,8,3915.315,1966.425,202.57,3,2,1.96,0.02,0,1,19.5,40.9,669647.9978,20.79701121
PR_20230416,16-04-2023,Electronics,13,Night,154,3,7,841.68,1705.905,307.41,2,2,2.1,0.02,1,2,20.9,43.1,140792.3977,23.51145038
PR_20230417,17-04-2023,Furniture,20,Swing,96,3,18,1894.615,1701.73,141.98,1,4,0.69,0.04,0,1,20.7,46.7,211765.4188,5.466970387
PR_20230418,18-04-2023,Appliances,9,Swing,127,1,17,3675.67,1267.53,160.01,4,6,2.04,0.02,0,0,20.1,53.7,488446.8271,7.439953134
PR_20230419,19-04-2023,Textiles,6,Swing,129,8,14,2162.65,2267.025,227.32,2,2,0.9,0.05,2,1,20.2,39.6,310448.157,9.293948127
PR_20230420,20-04-2023,Appliances,11,Night,139,0,3,1492.98,1764.355,411.58,1,6,2.27,0.02,1,2,22.9,47.1,212129.1865,53.25670498
PR_20230421,21-04-2023,Furniture,18,Swing,114,4,23,1270.87,1265.025,429.7,1,5,1.3,0.05,1,1,20.1,43.2,173886.2033,4.971652857
PR_20230422,22-04-2023,Textiles,5,Day,165,4,9,951.065,2251.995,171.92,2,3,1.87,0.02,2,0,23.7,32.8,177306.2798,18.2320442
PR_20230423,23-04-2023,Appliances,12,Swing,76,8,20,2996.815,2399.79,152.32,4,1,2.05,0.01,2,2,24.4,54.6,275105.7967,3.852002027
PR_20230424,24-04-2023,Textiles,7,Swing,53,3,19,1922.17,2057.44,478.87,1,4,1.52,0.02,2,0,24.1,34.7,141665.8996,2.740434333
PR_20230425,25-04-2023,Automotive,1,Night,169,9,8,875.08,2482.455,388.52,1,6,1.34,0.02,1,0,23.9,47.2,167326.1427,21.58365262
PR_20230426,26-04-2023,Textiles,5,Night,74,2,7,1112.22,1923.84,155.66,3,5,1.34,0.04,0,2,22.1,47.7,95213.2464,11.02831595
PR_20230427,27-04-2023,Electronics,14,Swing,154,0,13,3680.68,1358.545,132.44,4,5,2.24,0.04,1,0,20.4,36.1,584906.954,11.57024793
PR_20230428,28-04-2023,Textiles,8,Day,131,9,9,1246.655,2463.25,254.37,1,3,2.45,0.02,1,1,23,53,186047.6025,14.1928494
PR_20230429,29-04-2023,Electronics,13,Swing,88,3,22,2497.485,1624.91,145,1,2,1.91,0.05,0,2,18.5,33.7,255786.6856,3.971119134
PR_20230430,30-04-2023,Textiles,5,Swing,105,1,22,1993.98,2148.455,384.27,3,5,1.43,0.02,1,2,21.5,33.3,256612.4255,4.774897681
PR_20230501,01-05-2023,Automotive,2,Swing,157,6,19,1512.185,1882.09,172.69,2,6,0.97,0.05,1,2,23.2,33.4,272702.2325,8.373333333
PR_20230502,02-05-2023,Automotive,4,Night,172,7,1,1251.665,1472.94,297.23,2,0,1.51,0.05,1,2,21.8,57.2,217466.3312,116.2162162
PR_20230503,03-05-2023,Electronics,16,Swing,84,1,20,2969.26,1740.975,246.53,4,5,0.77,0.02,2,1,19.5,43.4,285020.7788,4.107579462
PR_20230504,04-05-2023,Textiles,5,Swing,163,0,16,3759.17,1757.675,348.73,3,4,2.27,0.03,0,1,19.4,37.6,641008.124,10.13681592
PR_20230505,05-05-2023,Automotive,4,Swing,129,0,13,2843.175,2198.555,470.57,2,1,2.17,0.04,0,2,18.2,35.6,395460.7178,9.885057471
PR_20230506,06-05-2023,Furniture,20,Day,127,0,10,2090.84,1602.365,267.82,1,5,2.05,0.02,2,1,24.3,54.9,281528.2827,12.7254509
PR_20230507,07-05-2023,Automotive,3,Swing,100,0,15,1858.71,2495.815,291.38,1,2,0.74,0.03,2,2,19.9,49.9,223757.4717,6.587615283
PR_20230508,08-05-2023,Appliances,11,Night,82,6,7,2046.585,2287.065,446.16,1,5,1.54,0.02,0,1,20.3,37.6,183577.8479,11.90130624
PR_20230509,09-05-2023,Automotive,1,Swing,155,12,14,2058.275,2029.885,353,3,5,1.4,0.03,2,1,18.9,32.5,347958.4863,10.87719298
PR_20230510,10-05-2023,Furniture,17,Swing,175,7,16,2540.07,1906.305,121.35,4,7,0.96,0.02,1,1,20.5,49.1,474955.9409,10.95804634
PR_20230511,11-05-2023,Automotive,1,Swing,123,9,17,2063.285,2182.69,111.4,3,7,1.82,0.02,2,0,20.5,43.7,289929.4014,7.427536232
PR_20230512,12-05-2023,Appliances,10,Day,118,8,11,2793.91,2446.55,472.85,4,3,2.32,0.04,1,1,23.5,54.2,355810.534,11.04868914
PR_20230513,13-05-2023,Textiles,6,Night,70,6,3,1184.03,2502.495,180.8,4,5,1.65,0.02,1,1,20.7,43.7,89413.61195,26.81992337
PR_20230514,14-05-2023,Appliances,10,Day,185,0,11,1753.5,2339.67,464.64,1,6,2.33,0.03,0,2,24.1,41.4,349244.7954,17.41996234
PR_20230515,15-05-2023,Electronics,13,Swing,79,2,22,3245.645,1290.91,274.25,1,0,2.19,0.03,2,0,21.9,57.1,284457.4293,3.635526921
PR_20230516,16-05-2023,Automotive,2,Swing,103,0,13,3366.72,2462.415,283.13,3,2,1.33,0.03,1,2,24.7,50.7,379645.4003,7.715355805
PR_20230517,17-05-2023,Appliances,12,Night,156,7,2,3092.84,2171,496.92,3,2,0.6,0.04,1,1,24.9,39.8,486607.94,82.10526316
PR_20230518,18-05-2023,Electronics,13,Day,81,9,10,1973.94,2020.7,305.94,2,3,1.41,0.04,0,0,19.2,34.4,179287.86,8.4375
PR_20230519,19-05-2023,Appliances,10,Swing,148,6,15,2325.475,1475.445,489.33,4,6,1.42,0.04,1,0,19.5,47,366538.0462,9.762532982
PR_20230520,20-05-2023,Appliances,11,Night,82,1,7,1443.715,1410.315,355.21,1,5,1.26,0.04,1,1,23.8,57.6,128877.3736,11.02150538
PR_20230521,21-05-2023,Electronics,14,Night,86,6,5,4062.275,1826.145,408.35,1,0,0.94,0.03,0,2,22.6,35.8,359070.7414,16.16541353
PR_20230522,22-05-2023,Furniture,19,Swing,131,0,14,3740.8,2155.97,126.25,1,3,1.48,0.04,1,0,22.3,47.6,520853.6113,9.167249825
PR_20230523,23-05-2023,Furniture,19,Swing,113,3,15,3980.445,2186.865,105.75,2,4,2.02,0.02,1,0,24.9,49.8,482527.6541,7.548430194
PR_20230524,24-05-2023,Appliances,11,Day,131,6,12,2737.13,1939.705,388.2,3,2,1.52,0.03,0,1,23.8,41.1,380987.0198,11.33217993
PR_20230525,25-05-2023,Electronics,14,Night,78,5,3,2390.605,2262.015,302.66,4,4,1.17,0.05,1,0,20.8,31.2,193547.297,24.9201278
PR_20230526,26-05-2023,Appliances,9,Swing,172,4,18,3736.625,1977.28,419.55,3,8,0.76,0.04,1,1,22,53.3,678270.7672,9.560867148
PR_20230527,27-05-2023,Automotive,2,Swing,169,1,18,2198.555,1791.91,171.52,4,1,1.85,0.02,0,2,21.2,44.6,404491.1008,9.194776931
PR_20230528,28-05-2023,Automotive,1,Day,122,9,10,1730.955,1710.915,426.46,4,5,2.23,0.04,1,0,22.6,57.7,228268.5509,12.21221221
PR_20230529,29-05-2023,Automotive,2,Night,180,9,1,2513.35,1614.055,365.85,1,6,1.51,0.02,1,0,20.9,54,454339.866,150
PR_20230530,30-05-2023,Furniture,18,Swing,125,3,16,1401.13,2281.22,201.67,4,6,0.76,0.02,2,1,21,33.3,210865.1552,7.982120051
PR_20230531,31-05-2023,Textiles,7,Swing,144,6,23,3403.46,1526.38,464.2,3,6,0.96,0.01,2,1,22.9,57.4,525952.9062,6.130268199
PR_20230601,01-06-2023,Appliances,10,Swing,50,4,12,2309.61,2378.915,487.86,4,1,1.92,0.04,1,0,18.3,39.2,144503.263,4.098360656
PR_20230602,02-06-2023,Textiles,8,Swing,96,2,17,3022.7,1638.27,283.9,3,0,0.77,0.05,1,2,20.2,55.4,317734.9014,5.707491082
PR_20230603,03-06-2023,Automotive,2,Swing,73,8,13,2785.56,1786.9,280.52,3,0,1.52,0.05,1,0,20.5,48.8,226807.877,5.559786748
PR_20230604,04-06-2023,Automotive,1,Night,172,2,6,2788.9,1438.705,328.56,1,5,0.56,0.04,1,0,22.7,45.8,488984.8343,26.625387
PR_20230605,05-06-2023,Appliances,11,Unknown,114,9,9,3944.54,1391.945,386.24,1,3,1.1,0.02,0,0,18.6,55,461968.4344,12.91053228
PR_20230606,06-06-2023,Automotive,2,Swing,148,9,23,1021.205,1428.685,380.4,2,4,0.86,0.04,0,1,19.7,59.9,184126.6767,6.409701169
PR_20230607,07-06-2023,Textiles,8,Swing,79,5,15,2884.925,2169.33,312.81,4,6,1.37,0.01,0,0,20.5,54.1,259776.5327,5.377808033
PR_20230608,08-06-2023,Automotive,1,Night,189,7,5,1711.75,2113.385,467.39,3,6,1.81,0.05,0,2,23.7,51.4,334763.9582,35.52631579
PR_20230609,09-06-2023,Textiles,6,Night,83,3,2,1251.665,2131.755,165.18,4,5,1.25,0.04,1,0,20.6,57.2,108471.4683,38.60465116
PR_20230610,10-06-2023,Automotive,4,Night,123,1,2,1017.865,2317.125,179.62,4,6,1.84,0.02,0,1,23.9,37.3,130364.5837,55.15695067
PR_20230611,11-06-2023,Automotive,4,Swing,181,0,13,3607.2,1508.01,388.67,1,3,1.45,0.03,2,1,23.7,32.7,671768.4051,14.46842526
PR_20230612,12-06-2023,Textiles,6,Night,127,0,3,2166.825,1576.48,396.64,2,5,2.03,0.04,2,2,22.7,50.8,280578.3366,37.13450292
PR_20230613,13-06-2023,Textiles,6,Swing,158,7,20,3169.66,2456.57,257.42,3,7,0.77,0.02,2,2,20.4,55.3,550306.1655,7.841191067
PR_20230614,14-06-2023,Textiles,6,Unknown,117,8,9,3948.715,1386.1,219.55,4,4,1.78,0.04,0,0,24.9,41.8,474294.362,13.19052988
PR_20230615,15-06-2023,Textiles,6,Day,101,9,10,3689.865,1602.365,118.41,1,4,2.25,0.03,1,0,19.3,35.9,388427.613,10.27466938
PR_20230616,16-06-2023,Furniture,19,Unknown,178,9,9,1644.115,2457.405,254.73,4,1,2.31,0.03,2,0,19.7,32.2,314572.5226,19.95515695
PR_20230617,17-06-2023,Furniture,17,Swing,172,7,13,2956.735,1938.035,199.1,2,4,2.31,0.05,0,1,23.6,48.7,534353.6659,12.92261458
PR_20230618,18-06-2023,Furniture,18,Swing,182,8,24,1830.32,2414.82,433.62,3,7,2.33,0.04,2,2,22.7,36.8,390977.3272,7.595993322
PR_20230619,19-06-2023,Automotive,4,Swing,147,1,22,998.66,2262.015,295.8,2,4,2.27,0.03,1,1,22.8,49.6,195707.7843,6.799259944
PR_20230620,20-06-2023,Appliances,11,Night,191,3,6,3867.72,2441.54,326.03,1,5,2.05,0.02,1,2,18.4,53.8,754189.4682,30.17377567
PR_20230621,21-06-2023,Furniture,18,Swing,161,2,22,3188.865,2177.68,397.18,4,0,0.9,0.03,1,1,24,31.1,560532.2602,7.439926063
PR_20230622,22-06-2023,Automotive,2,Swing,184,0,14,3623.9,1580.655,219.27,3,0,1.5,0.05,1,1,19.2,54.4,689543.2255,12.7866574
PR_20230623,23-06-2023,Appliances,11,Swing,122,7,18,1746.82,2203.565,455.33,4,5,1.04,0.03,0,1,20.8,50.5,252379.5683,6.84624018
PR_20230624,24-06-2023,Electronics,14,Swing,122,9,13,1766.86,1743.48,257.78,1,4,1.19,0.02,0,2,24.5,53.9,238169.8556,9.406322282
PR_20230625,25-06-2023,Appliances,10,Swing,88,2,16,1518.03,1452.9,142.96,4,4,2.28,0.04,0,2,18.3,40.7,157123.62,5.432098765
PR_20230626,26-06-2023,Electronics,13,Day,135,6,10,1786.065,1562.285,442.97,3,1,2.41,0.03,0,1,20.4,58.1,256757.2479,13.48651349
PR_20230627,27-06-2023,Appliances,11,Night,65,0,7,1189.04,1619.9,469.07,1,0,0.72,0.01,1,0,19.6,56.1,89420.651,8.67823765
PR_20230628,28-06-2023,Automotive,3,Swing,122,9,13,3281.55,1381.09,187.23,3,6,1.46,0.03,1,2,24.1,44.5,417723.2122,9.697933227
PR_20230629,29-06-2023,Automotive,3,Day,105,2,12,4078.14,1756.005,360.99,3,4,1.15,0.04,1,2,21.8,47.9,449153.8397,8.801341157
PR_20230630,30-06-2023,Electronics,13,Day,127,3,10,3867.72,2433.19,375.32,3,4,1.15,0.05,0,1,23.2,47.5,515751.3271,12.58671952
PR_20230701,01-07-2023,Furniture,19,Swing,111,2,19,1325.145,1496.32,197.94,4,4,1.66,0.04,1,2,24.4,59.8,175745.623,5.796344648
PR_20230702,02-07-2023,Textiles,6,Swing,84,0,18,1539.74,2477.445,271.28,2,8,1.44,0.04,1,0,24.5,56.7,172693.4475,4.8
PR_20230703,03-07-2023,Furniture,17,Night,146,1,8,2039.07,1862.05,259.02,3,5,2.5,0.04,2,2,19.5,49.8,311855.8,19.21052632
PR_20230704,04-07-2023,Automotive,4,Night,55,0,6,1501.33,2202.73,351.14,3,4,1.91,0.02,2,1,19.8,43.3,94776.2742,9.927797834
PR_20230705,05-07-2023,Appliances,11,Night,67,0,1,3127.91,1392.78,295.51,3,2,2.45,0.05,0,1,20.5,49.8,211115.9558,60.36036036
PR_20230706,06-07-2023,Appliances,11,Swing,70,0,24,3330.815,2332.155,370.42,4,4,0.73,0.01,0,2,25,35.8,288032.6572,2.974925627
PR_20230707,07-07-2023,Furniture,17,Day,170,6,9,3360.875,1976.445,136.61,4,4,1.65,0.02,2,2,23.3,45,589314.6351,18.70187019
PR_20230708,08-07-2023,Appliances,10,Swing,165,8,15,2783.89,1415.325,215.52,1,1,2.45,0.04,0,0,21.9,31.8,480684.951,10.94164456
PR_20230709,09-07-2023,Automotive,1,Swing,90,0,18,1682.525,1877.08,121.01,4,2,1.16,0.02,2,2,22.6,35.6,185590.106,4.945054945
PR_20230710,10-07-2023,Automotive,3,Night,67,5,6,1238.305,2102.53,321.32,2,1,1.54,0.03,1,1,18.4,47.3,95034.9572,11.67247387
PR_20230711,11-07-2023,Furniture,17,Swing,107,6,16,4008,1769.365,268.14,1,3,1.98,0.04,2,1,21.2,50.9,457785.1178,6.544342508
PR_20230712,12-07-2023,Appliances,12,Night,69,1,4,3804.26,1659.145,487.27,1,3,2.05,0.04,1,0,23.7,45.8,268516.6364,19.00826446
PR_20230713,13-07-2023,Textiles,8,Night,84,2,3,1751.83,1632.425,221.69,2,3,2.22,0.02,2,2,18.6,31.2,152426.4528,26.00619195
PR_20230714,14-07-2023,Automotive,4,Night,52,9,8,1924.675,1921.335,210.57,4,3,1.99,0.02,2,2,22.2,40.5,115396.14,6.52446675
PR_20230715,15-07-2023,Textiles,6,Unknown,120,4,8,3231.45,1802.765,241.55,2,7,2.46,0.02,2,2,24.4,45.6,402863.1431,14.33691756
PR_20230716,16-07-2023,Textiles,7,Night,186,8,5,1978.95,2181.02,292.11,4,1,1.98,0.02,1,0,19,55.8,379295.1428,36.18677043
PR_20230717,17-07-2023,Furniture,18,Day,69,0,12,3747.48,2440.705,345.04,1,2,0.62,0.04,2,1,20.9,54.7,287254.4038,5.872340426
PR_20230718,18-07-2023,Furniture,18,Swing,186,9,15,3725.77,1477.95,243.33,1,2,1.95,0.02,1,1,19.7,35.5,715458.06,12.23684211
PR_20230719,19-07-2023,Furniture,20,Swing,58,9,22,3840.165,1889.605,367.9,2,2,1.24,0.03,2,1,21,55,264886.6575,2.599731062
PR_20230720,20-07-2023,Electronics,13,Swing,64,1,17,3407.635,1866.225,387.91,4,2,1.51,0.01,0,1,23.1,44.2,250094.3988,3.731778426
PR_20230721,21-07-2023,Furniture,17,Swing,65,3,13,1032.06,1754.335,396.69,1,1,1.37,0.04,1,0,23.7,55.1,89925.3417,4.992319508
PR_20230722,22-07-2023,Electronics,15,Swing,149,9,13,2607.705,2188.535,438.14,1,6,1.64,0.05,1,1,20.4,48.9,417896.2994,11.11111111
PR_20230723,23-07-2023,Electronics,16,Swing,195,8,14,2425.675,1825.31,161.28,3,5,2.28,0.02,2,2,19.7,41.4,498944.2801,13.72273047
PR_20230724,24-07-2023,Electronics,16,Night,132,2,8,5010,1370.235,398.64,2,1,0.85,0.02,1,2,18.5,34.6,671761.1907,17.32283465
PR_20230725,25-07-2023,Electronics,14,Swing,143,1,18,3022.7,1881.255,218.27,2,2,2.08,0.03,0,0,23.5,32.5,466353.2532,7.887479316
PR_20230726,26-07-2023,Textiles,7,Swing,64,5,16,3346.68,2197.72,390.59,2,8,2.42,0.02,1,0,19.3,43.2,249416.9716,3.992514036
PR_20230727,27-07-2023,Furniture,18,Swing,99,7,12,2642.775,2453.23,111.88,4,3,1.86,0.03,0,1,24.8,36.2,291662.2602,8.088235294
PR_20230728,28-07-2023,Textiles,5,Night,80,8,6,3353.36,1395.285,185.42,3,7,1.98,0.03,1,2,23.8,38.5,276528.8872,13.51351351
PR_20230729,29-07-2023,Automotive,1,Swing,190,0,21,1646.62,2046.585,292.59,3,7,1.27,0.03,2,1,21.2,58.4,354915.1218,9.245742092
PR_20230730,30-07-2023,Electronics,16,Night,182,8,6,2974.27,1695.05,337.01,1,4,1.52,0.04,1,0,21.7,45.2,550724.6675,32.79279279
PR_20230731,31-07-2023,Electronics,13,Night,197,4,6,2878.245,1537.235,478.73,4,3,1.97,0.03,0,0,24.9,35.7,575530.5469,35.55956679
PR_20230801,01-08-2023,Textiles,7,Night,81,0,4,1953.065,2001.495,198.63,3,4,1.57,0.04,1,1,19.6,32,166944.7982,18.53546911
PR_20230802,02-08-2023,Furniture,19,Swing,140,7,24,2518.36,1746.82,310.38,2,3,0.56,0.04,1,1,22.5,53.6,394354.3344,5.852842809
PR_20230803,03-08-2023,Electronics,15,Night,130,6,7,4140.765,1343.515,297.02,3,6,1.75,0.03,1,1,24,47.5,547206.9545,19.60784314
PR_20230804,04-08-2023,Automotive,2,Swing,157,3,21,3172.165,2374.74,377.06,2,3,2.41,0.02,1,1,22,47.5,546902.0542,7.628765792
PR_20230805,05-08-2023,Furniture,18,Night,98,2,2,2320.465,1795.25,197.39,4,4,1.92,0.01,1,0,21.3,42.8,230637.02,54.44444444
PR_20230806,06-08-2023,Textiles,6,Swing,136,1,17,3199.72,2459.91,471.33,4,2,2.28,0.03,0,1,22.7,35,477644.5657,7.87492762
PR_20230807,07-08-2023,Furniture,18,Night,53,6,2,2114.22,1531.39,497.9,4,6,0.92,0.04,2,1,24.7,50.3,114657.023,31.17647059
PR_20230808,08-08-2023,Electronics,14,Swing,66,4,15,1895.45,1322.64,453.83,4,5,1.53,0.05,1,1,20.7,50.5,145415.4504,4.296875
PR_20230809,09-08-2023,Furniture,20,Night,181,6,7,2512.515,1290.075,381.88,1,5,1.37,0.04,1,1,24.7,34.4,463950.549,25.42134831
PR_20230810,10-08-2023,Electronics,15,Night,113,3,3,2333.825,2023.205,369.3,1,4,1.78,0.03,0,1,23.9,37.3,268942.0939,43.79844961
PR_20230811,11-08-2023,Furniture,18,Night,92,5,7,4009.67,2301.26,400.03,2,4,0.79,0.01,0,1,21.2,31.7,385711.8506,12.58549932
PR_20230812,12-08-2023,Furniture,20,Night,168,3,4,4104.025,2054.1,323.7,1,4,1.38,0.05,2,0,22.1,48,697405.026,43.52331606
PR_20230813,13-08-2023,Textiles,5,Night,159,1,6,1917.16,2284.56,194.39,3,5,1.89,0.04,2,1,19.9,47.2,318672.8736,26.23762376
PR_20230814,14-08-2023,Textiles,8,Swing,161,0,17,1057.11,1901.295,455.87,3,7,1.55,0.03,1,2,21.5,50.6,202155.4789,9.577632362
PR_20230815,15-08-2023,Appliances,10,Swing,118,9,20,1509.68,1394.45,362.7,1,3,0.75,0.04,2,1,23.9,39.9,206254.352,5.853174603
PR_20230816,16-08-2023,Furniture,17,Day,105,0,11,3930.345,2261.18,131.58,4,4,1.58,0.01,1,0,21.2,43.4,437740.0994,9.476534296
PR_20230817,17-08-2023,Textiles,6,Day,125,5,11,1341.01,1707.575,298.84,4,5,1.97,0.01,0,2,23.6,54,185709.4692,11.80358829
PR_20230818,18-08-2023,Textiles,7,Day,50,8,12,2898.285,2120.065,279.14,4,0,1.83,0.04,1,2,19.2,30,169549.4053,4.30292599
PR_20230819,19-08-2023,Automotive,3,Day,99,8,12,965.26,1395.285,137.96,3,2,2.07,0.01,2,1,19,39.1,112066.9616,8.368554522
PR_20230820,20-08-2023,Automotive,3,Night,124,8,6,2528.38,1605.705,246.26,3,5,1.19,0.01,0,1,18.1,41.1,323795.632,19.375
PR_20230821,21-08-2023,Electronics,15,Swing,93,9,24,2194.38,1771.87,183.13,2,4,2.06,0.04,0,2,18.3,47.2,246159.2525,3.915789474
PR_20230822,22-08-2023,Electronics,15,Swing,73,4,16,3208.07,2464.92,117.71,4,5,1.7,0.04,1,2,19.6,45.3,274539.8504,4.459376909
PR_20230823,23-08-2023,Furniture,17,Swing,77,7,19,2542.575,2050.76,108.83,4,6,1.98,0.03,1,0,24.5,35.3,234332.563,4.095744681
PR_20230824,24-08-2023,Textiles,8,Day,144,7,11,2454.9,2120.9,211.5,4,5,1.41,0.03,1,1,24.9,34.7,377196.053,12.89167413
PR_20230825,25-08-2023,Automotive,2,Swing,146,1,19,2920.83,2226.11,136.67,4,1,0.89,0.03,1,0,18.5,51.8,467624.215,7.891891892
PR_20230826,26-08-2023,Appliances,10,Swing,119,6,17,3177.175,1869.565,436.87,4,6,2.48,0.03,0,2,22.5,43.4,409342.9518,7.11722488
PR_20230827,27-08-2023,Electronics,15,Swing,101,1,20,2998.485,1447.055,490.3,1,2,2.12,0.03,1,0,21.1,44.7,331817.0261,5.044955045
PR_20230828,28-08-2023,Appliances,12,Night,148,0,2,3785.89,1636.6,285.53,2,4,2.02,0.02,0,2,23.1,33.8,563617.652,73.26732673
PR_20230829,29-08-2023,Appliances,11,Night,148,2,2,1216.595,1561.45,335.95,3,2,2.34,0.03,1,1,18,36.7,183241.418,72.54901961
PR_20230830,30-08-2023,Appliances,12,Swing,151,0,14,4034.72,2375.575,479.82,2,3,2.45,0.03,2,0,24.8,35,642714.5717,10.71682044
PR_20230831,31-08-2023,Appliances,11,Day,95,3,10,3097.85,2165.155,400.16,1,2,1.24,0.04,2,0,21.9,41.1,315319.4051,9.783728115
PR_20230901,01-09-2023,Electronics,16,Swing,72,4,19,1495.485,1944.715,303.7,4,6,0.67,0.02,1,2,24.8,40.2,145519.0739,3.699897225
PR_20230902,02-09-2023,Appliances,10,Night,94,0,5,2216.09,1557.275,270.37,2,1,1.89,0.01,1,2,24,42.3,215802.9527,19.54261954
PR_20230903,03-09-2023,Appliances,11,Night,57,0,7,1867.06,1447.89,398.66,2,7,2.23,0.04,1,1,19.3,47.9,116210.1564,8.431952663
PR_20230904,04-09-2023,Electronics,16,Day,172,0,11,3229.78,1993.145,228.84,2,0,1.88,0.05,0,1,22.1,35.3,576789.0172,16.11996251
PR_20230905,05-09-2023,Electronics,16,Swing,98,9,22,4159.97,1413.655,399.97,1,4,1.61,0.02,0,0,19.9,52,438155.4618,4.545454545
PR_20230906,06-09-2023,Electronics,14,Night,88,0,4,3735.79,1819.465,128.82,4,1,1.59,0.03,2,1,20.8,37.3,336118.3533,21.72839506
PR_20230907,07-09-2023,Appliances,9,Swing,167,0,19,3714.08,1980.62,305.87,3,7,0.78,0.04,0,1,23.2,53.3,657586.047,8.859416446
PR_20230908,08-09-2023,Furniture,18,Swing,157,5,24,2211.08,1698.39,172.44,4,2,0.93,0.03,2,0,24.7,44.8,387459.3386,6.613310868
PR_20230909,09-09-2023,Automotive,2,Swing,185,8,18,2291.24,2413.985,393.83,1,4,0.84,0.03,1,2,19.2,41.2,467934.6263,10.1369863
PR_20230910,10-09-2023,Automotive,4,Swing,148,9,14,1514.69,1367.73,487.9,3,3,1.32,0.02,1,1,20.8,42.9,242857.3118,10.83455344
PR_20230911,11-09-2023,Appliances,11,Swing,125,4,14,2075.81,1781.055,362.05,2,2,1.56,0.02,0,0,20.4,49.2,284126.0512,9.031791908
PR_20230912,12-09-2023,Appliances,11,Night,71,9,5,2935.86,2375.575,389.93,3,4,1.5,0.05,2,0,22.6,42.7,219801.3085,14.85355649
PR_20230913,13-09-2023,Textiles,8,Day,125,8,11,3646.445,1473.775,165.38,2,2,1.07,0.04,0,0,21.2,34.4,472164.5275,11.26126126
PR_20230914,14-09-2023,Appliances,10,Swing,116,3,13,1031.225,2039.07,319.96,1,6,0.89,0.02,1,0,23.8,51.1,146537.824,8.787878788
PR_20230915,15-09-2023,Textiles,8,Swing,189,6,12,3995.475,1980.62,411.53,3,2,1.7,0.04,1,0,18.3,58.9,779823.3002,15.16853933
PR_20230916,16-09-2023,Automotive,4,Night,191,1,4,1645.785,2385.595,443.05,1,2,1.16,0.03,1,0,24.6,34.9,322861.5092,53.50140056
PR_20230917,17-09-2023,Automotive,4,Night,154,5,4,1503.835,2361.38,490.24,4,7,0.69,0.02,1,0,24.9,38.5,242193.1862,34.29844098
PR_20230918,18-09-2023,Furniture,19,Night,129,6,7,2164.32,2398.12,398.66,2,4,1.69,0.04,1,2,24.9,54.3,295480.5148,18.99852725
PR_20230919,19-09-2023,Furniture,17,Swing,123,9,13,2963.415,1979.785,329.42,3,5,2.08,0.03,0,0,20.1,53.5,390237.25,9.461538462
PR_20230920,20-09-2023,Automotive,2,Night,95,7,5,2736.295,1476.28,425.81,4,2,0.61,0.02,0,2,19.6,32,266871.7782,20.25586354
PR_20230921,21-09-2023,Automotive,2,Night,104,0,7,1677.515,1423.675,203.18,4,2,1.17,0.02,2,1,18.6,41.5,185010.9918,14.03508772
PR_20230922,22-09-2023,Automotive,2,Unknown,171,6,9,4036.39,2217.76,449.1,2,5,0.89,0.03,1,2,23.7,57.1,709894.2212,19.27846674
PR_20230923,23-09-2023,Electronics,16,Swing,66,1,16,2832.32,1777.715,412.6,1,5,1.89,0.03,1,1,24.3,45,216087.646,4.024390244
PR_20230924,24-09-2023,Electronics,15,Unknown,79,4,9,3579.645,1563.12,166.76,1,4,2.26,0.03,1,0,20.4,34.8,296344.2054,9.111880046
PR_20230925,25-09-2023,Furniture,19,Swing,93,7,17,3891.1,2089.17,440.52,1,3,0.86,0.03,0,0,19.2,42.2,397492.6485,5.454545455
PR_20230926,26-09-2023,Electronics,15,Night,175,1,4,2171.835,2222.77,432.36,1,4,2.36,0.04,0,0,23.4,59.5,390006.9069,39.14988814
PR_20230927,27-09-2023,Automotive,3,Night,110,0,8,1607.375,2391.44,469.97,2,1,1.06,0.04,2,1,20.6,39.1,194794.8788,14.62765957
PR_20230928,28-09-2023,Textiles,6,Day,166,6,11,2972.6,1307.61,460.39,4,6,0.88,0.03,0,2,22.8,33.2,507482.2553,15.47064306
PR_20230929,29-09-2023,Appliances,9,Night,154,1,7,1958.91,1386.1,231.39,3,6,2.45,0.04,1,2,21,40.6,311527.311,21.65963432
PR_20230930,30-09-2023,Electronics,16,Night,84,7,5,2119.23,2104.2,304.57,1,5,2.06,0.05,1,0,23,30.7,189020.286,16.06118547
PR_20231001,01-10-2023,Electronics,13,Swing,51,5,23,1294.25,1438.705,422.28,3,4,1.21,0.02,0,1,23,44.9,99614.8988,2.183219178
PR_20231002,02-10-2023,Automotive,4,Swing,91,8,16,3573.8,1412.82,407.83,2,6,1.64,0.04,1,1,23.9,53.3,347962.202,5.652173913
PR_20231003,03-10-2023,Automotive,4,Night,71,0,1,3441.035,1483.795,422.87,4,7,1.59,0.03,2,0,22.8,48.2,246524.3396,47.65100671
PR_20231004,04-10-2023,Automotive,3,Night,103,2,5,2965.085,1627.415,193.14,4,3,0.77,0.03,2,2,23.9,41.8,314029.0545,19.43396226
PR_20231005,05-10-2023,Automotive,3,Swing,135,8,16,2106.705,2362.215,417.45,3,2,2.38,0.04,1,2,19.7,37.9,322625.8137,8.343634116
PR_20231006,06-10-2023,Appliances,10,Day,140,4,9,4073.965,2257.84,140.64,4,7,1.64,0.03,0,0,20.6,33.6,591014.336,15.30054645
PR_20231007,07-10-2023,Appliances,12,Swing,158,0,13,2034.06,1671.67,293.49,3,3,1.97,0.02,2,0,24,40.4,342645.1224,12.42138365
PR_20231008,08-10-2023,Electronics,13,Swing,124,8,19,2901.625,2036.565,122.4,3,3,2.09,0.05,2,0,23.1,39.1,399290.4954,6.395048994
PR_20231009,09-10-2023,Appliances,9,Night,177,0,4,1331.825,2115.055,281.26,2,4,1.64,0.04,2,0,19.7,45.3,243474.1263,48.36065574
PR_20231010,10-10-2023,Electronics,16,Swing,190,0,16,1305.105,2488.3,198.12,2,5,1.18,0.01,2,0,20,35.9,287160.675,12.06349206
PR_20231011,11-10-2023,Furniture,18,Swing,195,34,12,4026.37,1354.37,307.63,4,5,1.58,0.02,0,2,20.8,43.5,801760.2699,15.89242054
PR_20231012,12-10-2023,Textiles,6,Night,182,6,6,3264.015,1702.565,385.2,1,5,2.46,0.02,0,0,18.8,48.9,604589.6074,29.40226171
PR_20231013,13-10-2023,Automotive,2,Unknown,76,0,8,921.84,2437.365,112.39,2,4,2.11,0.03,1,1,23.8,56.8,90558.07965,9.03686088
PR_20231014,14-10-2023,Textiles,5,Night,184,0,2,2967.59,1918.83,205.35,1,2,2.5,0.02,0,0,19.2,36.8,549202.6295,111.5151515
PR_20231015,15-10-2023,Appliances,11,Swing,184,7,24,992.815,2233.625,159.89,1,5,0.78,0.03,0,2,24.2,40.8,235324.5013,7.806533729
PR_20231016,16-10-2023,Electronics,15,Night,58,3,4,3320.795,1540.575,173.44,3,4,0.7,0.03,1,1,20.6,44,198675.9755,14.72081218
PR_20231017,17-10-2023,Appliances,12,Swing,197,5,18,1018.7,1609.88,332.78,2,3,1.91,0.02,0,1,18.1,49.6,229935.4196,10.84204733
PR_20231018,18-10-2023,Electronics,16,Day,60,0,11,2064.12,2373.07,125.6,4,5,1.83,0.02,1,1,20.5,45,150140.8156,5.415162455
PR_20231019,19-10-2023,Electronics,15,Day,60,8,12,2095.015,2095.015,382.4,3,4,1.14,0.02,0,1,20.9,33.6,150359.2266,5.097706032
PR_20231020,20-10-2023,Automotive,3,Swing,109,6,15,2811.445,2298.755,193.21,2,4,1.37,0.04,2,1,18.4,45.7,340055.3031,7.455540356
PR_20231021,21-10-2023,Electronics,16,Swing,66,7,22,1544.75,1520.535,483.99,2,6,0.86,0.04,0,0,20.5,55.2,135359.654,3.004096495
PR_20231022,22-10-2023,Automotive,2,Swing,116,1,14,3148.785,1554.77,473.83,2,2,1.25,0.01,1,1,21.6,37.1,386854.8153,8.351331893
PR_20231023,23-10-2023,Automotive,3,Swing,94,1,19,2624.405,1619.065,392.75,1,2,2.36,0.02,0,2,24.7,30.9,278217.2656,4.827940421
PR_20231024,24-10-2023,Appliances,9,Swing,101,7,20,1954.735,2286.23,414.98,4,5,1.23,0.01,1,2,19.7,56.4,243975.8778,4.960707269
PR_20231025,25-10-2023,Furniture,17,Swing,102,8,16,3418.49,1524.71,387.66,3,5,0.91,0.02,1,1,20.1,37.3,372989.8574,6.398996236
PR_20231026,26-10-2023,Textiles,8,Swing,96,9,16,2849.855,2091.675,390.58,4,4,1.03,0.01,0,0,18.2,53.7,306404.4608,6.118546845
PR_20231027,27-10-2023,Automotive,3,Swing,189,2,21,3834.32,1658.31,172.06,4,3,1.51,0.04,2,1,18.7,50.2,759245.6604,9.069097889
PR_20231028,28-10-2023,Automotive,3,Night,69,0,2,2570.965,2017.36,470.53,2,5,1.45,0.02,0,0,21.9,34.6,181794.4298,31.65137615
PR_20231029,29-10-2023,Appliances,10,Swing,75,0,16,1892.945,1789.405,420.63,1,3,0.69,0.04,2,1,24.7,45.4,169975.0633,4.792332268
PR_20231030,30-10-2023,Automotive,4,Swing,79,7,13,853.37,1576.48,329.14,2,2,0.72,0.03,1,0,24.7,39.9,87894.7052,6.081601232
PR_20231031,31-10-2023,Textiles,7,Night,93,4,7,2741.305,2082.49,166.47,1,4,0.98,0.02,1,2,20.5,57.1,269747.8689,13.08016878
PR_20231101,01-11-2023,Appliances,11,Swing,191,7,19,3849.35,2121.735,410.4,1,2,1.96,0.03,1,1,18.3,50.1,775496.3803,10.06322445
PR_20231102,02-11-2023,Textiles,8,Night,172,3,8,1270.035,2200.225,463.4,2,3,1.4,0.02,0,2,20,48.7,235673.7818,21.96679438
PR_20231103,03-11-2023,Electronics,16,Swing,187,0,19,4099.85,2282.89,288.77,2,4,0.74,0.02,0,0,22.2,35.1,809864.2288,9.88372093
PR_20231104,04-11-2023,Appliances,11,Swing,177,9,22,2983.455,1589.84,134.38,2,0,1.86,0.05,0,2,23.3,59.1,563032.1166,8.049113233
PR_20231105,05-11-2023,Textiles,6,Swing,176,3,14,1655.805,1738.47,487.03,3,4,0.53,0.04,1,0,23.5,34,316038.4152,12.42937853
PR_20231106,06-11-2023,Furniture,17,Swing,173,5,19,3995.475,2069.13,168.33,2,3,1.69,0.03,2,2,24.6,52.2,731523.8274,8.880903491
PR_20231107,07-11-2023,Textiles,6,Night,186,4,7,4140.765,2099.19,417.69,2,5,1.19,0.02,0,0,21.3,58.5,784876.62,26.57142857
PR_20231108,08-11-2023,Appliances,12,Night,106,5,5,936.035,2494.98,493.67,2,6,0.6,0.02,0,1,19.6,43.4,110696.618,23.04347826
PR_20231109,09-11-2023,Furniture,19,Swing,124,0,14,4022.195,1512.185,216.75,1,7,0.75,0.04,1,0,23.5,38.4,519998.3793,8.825622776
PR_20231110,10-11-2023,Furniture,18,Day,56,0,11,1714.255,1978.95,139.75,2,1,2,0.03,1,0,18,48.6,117370.94,5.185185185
PR_20231111,11-11-2023,Appliances,10,Day,113,2,11,3292.405,1400.295,424.33,1,2,0.99,0.03,1,1,21.6,48.7,387108.9392,10.50185874
PR_20231112,12-11-2023,Textiles,7,Night,185,7,4,1773.54,1409.48,127.8,3,4,1.05,0.01,0,1,18.4,49.6,333644.1564,47.07379135
PR_20231113,13-11-2023,Automotive,2,Swing,136,1,23,2354.7,1789.405,311.28,4,3,1.47,0.03,2,2,19.7,49,360608.1768,6.028368794
PR_20231114,14-11-2023,Automotive,1,Night,141,4,3,1735.965,1950.56,392.24,4,5,0.81,0.03,0,0,25,31.4,251578.5194,40.40114613
PR_20231115,15-11-2023,Textiles,8,Night,104,8,8,3241.47,1512.185,356.37,3,3,2.44,0.02,1,2,23.8,34.1,348756.7045,13.50649351
PR_20231116,16-11-2023,Appliances,9,Day,164,9,12,3518.69,1321.805,326.31,4,6,1.26,0.04,1,2,24.9,44.7,592741.7673,13.82799325
PR_20231117,17-11-2023,Furniture,19,Swing,123,9,18,3278.21,1680.02,200.13,1,4,1.39,0.02,0,0,20.6,44.5,433611.3918,6.79933665
PR_20231118,18-11-2023,Electronics,16,Swing,189,6,15,4038.895,1527.215,226.45,1,4,0.65,0.04,0,1,18.7,42.1,786931.3546,12.24093264
PR_20231119,19-11-2023,Furniture,20,Night,173,3,3,1313.455,1363.555,243.43,3,1,1.62,0.01,0,2,24.6,53.1,230854.7713,65.03759398
PR_20231120,20-11-2023,Electronics,14,Night,131,1,2,2765.52,2286.23,362.23,3,2,2.1,0.02,2,2,20.3,33.4,366947.0292,64.21568627
PR_20231121,21-11-2023,Textiles,8,Swing,95,8,14,3993.805,1984.795,371.93,2,3,1.34,0.03,0,0,19.5,45.2,407456.6284,6.723283793
PR_20231122,22-11-2023,Electronics,16,Night,196,1,1,2383.925,2157.64,170.05,3,2,0.83,0.03,1,2,21.1,37.5,470011.0792,153.125
PR_20231123,23-11-2023,Appliances,10,Swing,101,8,14,3801.755,2206.07,109.1,2,2,0.55,0.05,2,1,19.6,46.2,414773.9922,7.23495702
PR_20231124,24-11-2023,Appliances,9,Night,172,8,5,870.07,1441.21,129.52,3,3,1.19,0.03,1,0,23.8,46.1,157131.9199,33.14065511
PR_20231125,25-11-2023,Furniture,17,Night,75,1,5,4008,1589.84,373.31,1,4,2.22,0.03,0,1,20.3,30.2,309137.4408,13.96648045
PR_20231126,26-11-2023,Appliances,11,Night,172,1,5,1003.67,1321.805,137.95,1,5,0.7,0.02,0,2,20.8,44.8,179398.8816,33.59375
PR_20231127,27-11-2023,Automotive,3,Swing,56,1,19,1031.225,2365.555,224.98,2,4,2.41,0.01,0,2,20.7,38.9,102268.3451,2.975557917
PR_20231128,28-11-2023,Furniture,18,Day,120,9,12,2039.905,2242.81,320.25,4,6,2.25,0.04,2,0,22.7,48,271478.039,10.08403361
PR_20231129,29-11-2023,Furniture,18,Night,129,6,6,3629.745,1599.025,320.62,2,0,0.58,0.04,0,2,20.1,32.5,477687.3428,21.82741117
PR_20231130,30-11-2023,Automotive,3,Night,168,1,2,1123.91,1640.775,315.05,3,5,0.66,0.03,1,1,24.7,58.9,192836.7788,68.57142857
PR_20231201,01-12-2023,Automotive,3,Day,54,4,11,3937.025,1985.63,467.88,3,3,1.39,0.01,1,1,23.9,54,234858.2623,4.817127565
PR_20231202,02-12-2023,Textiles,8,Swing,159,0,13,1579.82,1999.825,277.46,2,3,0.66,0.03,1,0,24.7,52.8,277509.077,12.08206687
PR_20231203,03-12-2023,Textiles,7,Swing,183,7,15,1000.33,2343.01,166.4,3,6,2.41,0.03,0,1,21.3,47.2,217385.4865,12.49146758
PR_20231204,04-12-2023,Textiles,7,Night,74,8,3,2717.925,1289.24,121.81,1,2,0.55,0.04,0,1,20.1,40.1,204994.17,24.66666667
PR_20231205,05-12-2023,Electronics,16,Day,104,6,10,3604.695,2409.81,305.52,4,5,2.38,0.03,2,1,19.1,49.6,398046.5541,10.82206035
PR_20231206,06-12-2023,Furniture,19,Unknown,81,3,9,4082.315,2340.505,342.25,4,2,1.79,0.02,0,0,18.6,57.6,351568.2247,9.070548712
PR_20231207,07-12-2023,Appliances,12,Unknown,163,2,9,1626.58,1887.935,331.01,4,4,1.59,0.02,1,2,19.4,57.7,281331.0223,18.997669
PR_20231208,08-12-2023,Furniture,18,Swing,109,0,21,3668.99,1397.79,176.78,3,8,1.81,0.02,2,2,22.7,46.4,429888.5276,5.083955224
PR_20231209,09-12-2023,Automotive,1,Day,184,9,9,1308.445,2029.885,117.08,2,6,0.76,0.02,1,0,18.6,57.5,259713.0059,19.70021413
PR_20231210,10-12-2023,Appliances,9,Swing,162,5,16,3335.825,2029.885,450.7,2,1,2,0.02,0,2,22.5,49.8,572191.6491,10.34482759
PR_20231211,11-12-2023,Electronics,13,Swing,55,8,21,943.55,1364.39,277.99,4,3,1.02,0.02,2,0,24.4,44.5,80943.1131,2.583372475
PR_20231212,12-12-2023,Appliances,11,Night,144,3,1,2130.92,2420.665,142.42,4,6,2.05,0.03,2,1,19.3,59.2,309539.4182,129.7297297
PR_20231213,13-12-2023,Appliances,11,Swing,150,1,18,3545.41,2039.07,364.12,3,7,2.15,0.04,0,1,23.2,43.7,568616.7135,8.310249307
PR_20231214,14-12-2023,Appliances,10,Swing,63,4,16,1265.025,1932.19,361.09,4,7,1.37,0.02,0,1,22.3,58.2,110553.6493,3.944896681
PR_20231215,15-12-2023,Furniture,20,Swing,147,1,22,2842.34,1976.445,345.16,1,4,1.41,0.02,0,1,22.5,36.7,461167.4189,6.703146375
PR_20231216,16-12-2023,Furniture,18,Day,192,5,11,3605.53,1914.655,192.9,4,6,0.93,0.03,0,0,23.1,40.8,714203.7063,16.7539267
PR_20231217,17-12-2023,Textiles,6,Swing,167,0,23,1527.215,1367.73,440.03,2,4,1.67,0.02,0,1,22.7,51.6,286516.3723,7.257714037
PR_20231218,18-12-2023,Appliances,10,Day,109,2,12,3515.35,2213.585,135.16,2,3,0.67,0.03,0,2,18.1,41.8,409072.0945,9.316239316
PR_20231219,19-12-2023,Furniture,18,Night,151,3,3,1857.875,1258.345,146.78,3,5,1.08,0.01,0,0,19.9,38.7,283697.571,60.15936255
PR_20231220,20-12-2023,Electronics,16,Swing,131,6,19,2178.515,2285.395,253.96,3,5,0.83,0.02,2,0,24.5,38.9,327985.2278,7.027896996
PR_20231221,21-12-2023,Furniture,18,Night,151,9,2,3344.175,1433.695,459.84,1,4,2.27,0.04,0,2,18.2,34.5,507178.3153,98.05194805
PR_20231222,22-12-2023,Automotive,2,Swing,181,4,23,3584.655,1639.105,429,1,2,1.9,0.05,1,1,21.1,31.9,686882.5731,7.795004307
PR_20231223,23-12-2023,Appliances,11,Night,62,4,1,1844.515,1713.42,463.57,3,2,2,0.03,1,1,18.2,57,116090.4842,61.38613861
PR_20231224,24-12-2023,Textiles,6,Swing,171,5,17,1571.47,1803.6,380.28,3,0,2.08,0.02,1,0,24.4,48.4,299761.326,9.936083672
PR_20231225,25-12-2023,Appliances,12,Night,145,9,3,2702.895,1837.835,348.64,4,3,0.77,0.02,1,1,24.4,45,398150.0357,42.77286136
PR_20231226,26-12-2023,Automotive,3,Swing,97,3,13,2758.84,2047.42,413.48,4,2,2.25,0.04,2,0,24.1,51,293364.0236,7.710651828
PR_20231227,27-12-2023,Automotive,3,Night,122,0,4,1129.755,1820.3,179.93,3,1,1.8,0.04,2,1,24.6,56.7,144729.047,32.18997361
PR_20231228,28-12-2023,Furniture,17,Swing,176,0,14,2730.45,2196.885,144.55,4,4,0.9,0.02,2,2,24.3,39.9,511754.967,12.3943662
PR_20231229,29-12-2023,Automotive,2,Swing,101,6,14,2960.075,1393.615,472.17,3,4,2.37,0.04,2,2,18.1,45,318269.1428,7.292418773
PR_20231230,30-12-2023,Appliances,12,Night,81,2,3,1163.155,1644.115,435.02,4,7,1.38,0.03,0,1,21.7,31.4,98440.93055,31.51750973
PR_20231231,31-12-2023,Electronics,13,Night,133,7,4,3562.11,1560.615,268.59,4,4,1.22,0.02,1,1,22.3,53.4,480580.5176,30.43478261
PR_20240101,01-01-2024,Textiles,6,Swing,112,8,17,2508.34,1644.115,411.24,1,3,1.07,0.02,1,0,23.1,32.1,309574.5633,6.429391504
PR_20240102,02-01-2024,Electronics,16,Swing,91,0,16,2842.34,1503,304,3,4,1.78,0.05,1,0,22.6,42.6,283181.9,5.575980392
PR_20240103,03-01-2024,Electronics,15,Night,130,0,8,2567.625,2343.01,106.53,3,8,1.4,0.02,2,0,22.8,51.5,351762.1367,16.94915254
PR_20240104,04-01-2024,Automotive,4,Night,149,2,5,2444.88,1867.895,106.04,2,4,0.85,0.05,0,1,22.5,43.2,374000.174,28.65384615
PR_20240105,05-01-2024,Furniture,20,Swing,164,6,17,1832.825,2033.225,289.15,2,5,2.04,0.04,0,1,19.1,44.1,334233.1737,9.909365559
PR_20240106,06-01-2024,Electronics,14,Swing,105,0,13,2056.605,2196.05,334.51,1,6,0.82,0.02,1,0,21.9,56.1,245260.7925,7.865168539
PR_20240107,07-01-2024,Automotive,3,Night,60,5,7,3212.245,1634.93,429.11,4,2,1.28,0.02,1,1,21.2,41.6,203835.8747,8.8365243
PR_20240108,08-01-2024,Electronics,15,Swing,92,4,24,2944.21,2346.35,335.89,1,1,1.63,0.04,1,1,25,59.4,326030.0085,3.913228413
PR_20240109,09-01-2024,Electronics,15,Day,122,8,10,2860.71,1815.29,337.26,2,3,0.59,0.03,1,2,22.6,51.4,366614.933,12.57731959
PR_20240110,10-01-2024,Appliances,11,Swing,179,0,17,3517.855,2051.595,498.69,3,3,1.9,0.02,0,0,24.2,53.4,664142.3251,10.6611078
PR_20240111,11-01-2024,Appliances,12,Swing,167,3,21,2630.25,1285.9,100.65,4,6,0.65,0.05,1,1,18.9,34.9,466679.997,7.829348336
PR_20240112,12-01-2024,Appliances,11,Swing,119,0,23,1841.175,1781.055,239.42,3,6,0.57,0.03,2,2,20.2,49,259939.4162,5.189707806
PR_20240113,13-01-2024,Electronics,15,Swing,178,5,22,2818.96,1619.9,471.81,1,5,1.37,0.02,1,2,23.4,36.9,536780.919,8.236927348
PR_20240114,14-01-2024,Furniture,19,Swing,109,2,15,3435.19,1296.755,253.19,1,3,1.44,0.01,0,0,23.3,36.4,393394.2681,7.455540356
PR_20240115,15-01-2024,Textiles,6,Night,151,0,6,3781.715,1691.71,196.16,2,4,1.15,0.03,0,1,19,57.3,580867.8001,25.98967298
PR_20240116,16-01-2024,Automotive,2,Swing,68,0,22,2483.29,2302.93,275.34,2,5,1.31,0.03,0,0,22.1,36.6,220265.1176,3.046594982
PR_20240117,17-01-2024,Furniture,18,Swing,178,1,23,2029.05,2370.565,407.11,1,1,0.67,0.05,1,2,19.8,50.2,416808.0606,7.584149979
PR_20240118,18-01-2024,Textiles,7,Night,95,0,1,3672.33,1966.425,405.13,2,5,1.74,0.01,2,2,22.3,34.8,351113.0745,83.33333333
PR_20240119,19-01-2024,Furniture,17,Swing,145,3,22,2245.315,2484.125,233.34,4,2,1.99,0.05,0,1,19,59.9,380097.2188,6.605922551
PR_20240120,20-01-2024,Textiles,8,Swing,168,5,21,4056.43,2408.975,147.09,3,5,0.92,0.05,2,1,20.8,31.9,733008.2153,7.854137447
PR_20240121,21-01-2024,Appliances,9,Day,178,2,11,2277.88,2091.675,485.77,1,0,0.86,0.03,1,0,19.7,38.1,429244.9848,15.65523307
PR_20240122,22-01-2024,Automotive,1,Swing,111,5,19,4129.91,1503.835,192.18,1,5,0.57,0.03,1,2,21.3,54.5,487398.9105,5.760249092
PR_20240123,23-01-2024,Furniture,20,Swing,176,9,23,1163.155,1403.635,470.92,3,4,1.44,0.03,0,2,20.5,51.5,236774.3034,7.705779335
PR_20240124,24-01-2024,Furniture,19,Unknown,172,2,8,1987.3,2079.15,261.27,3,3,1.88,0.02,2,2,23.9,56.3,358677.5065,21.20838471
PR_20240125,25-01-2024,Textiles,8,Day,127,6,12,1762.685,1762.685,495.12,4,5,1.93,0.04,1,1,23.7,49,244695.9317,10.74450085
PR_20240126,26-01-2024,Automotive,4,Night,194,9,4,4154.125,1313.455,199.26,3,4,0.57,0.04,1,1,23.7,48.9,811429.8956,46.0807601
PR_20240127,27-01-2024,Electronics,14,Night,58,5,8,3703.225,2382.255,367.58,1,5,2.44,0.02,0,2,19.3,46,233178.0586,7.512953368
PR_20240128,28-01-2024,Textiles,8,Swing,92,2,21,3300.755,1316.795,428.09,2,2,2.47,0.03,1,1,20.4,43.7,331756.6974,4.313173933
PR_20240129,29-01-2024,Textiles,5,Night,88,0,5,3900.285,2243.645,262.42,2,1,2.15,0.02,1,1,20.5,41.9,354734.9789,17.1539961
PR_20240130,30-01-2024,Furniture,19,Swing,58,9,23,3893.605,1933.025,159.01,2,2,1.87,0.04,1,2,24.4,51,269650.7668,2.558447287
PR_20240131,31-01-2024,Textiles,5,Swing,60,4,14,1497.99,1785.23,138.94,3,1,1.24,0.02,2,1,21.4,38.8,114604.8355,4.332129964
PR_20240201,01-02-2024,Appliances,10,Swing,60,7,17,1974.775,2103.365,190.3,2,2,1.28,0.04,1,0,20.6,41.7,154643.3444,3.490401396
PR_20240202,02-02-2024,Automotive,2,Day,75,9,10,996.155,1857.875,121.97,1,1,2.32,0.05,2,1,21.1,44.5,93364.69,7.470119522
PR_20240203,03-02-2024,Textiles,8,Night,186,0,6,1865.39,1993.145,447.25,3,6,1.05,0.02,0,1,23.1,36.5,359698.7366,29.10798122
PR_20240204,04-02-2024,Textiles,8,Swing,186,0,12,3218.925,1978.115,381.65,1,0,2.25,0.04,1,2,19.4,48.1,622635.4603,15.38461538
PR_20240205,05-02-2024,Appliances,11,Unknown,185,6,8,3216.42,2005.67,360.86,2,4,0.8,0.04,2,0,23.8,50,611123.1734,23.06733167
PR_20240206,06-02-2024,Textiles,8,Swing,64,1,13,2320.465,2494.145,378.29,2,7,1.15,0.03,0,1,24.9,30.5,180833.8792,4.938271605
PR_20240207,07-02-2024,Appliances,9,Night,150,3,3,1398.625,1619.9,354.25,3,5,1.35,0.04,1,1,24.1,35.7,215155.619,45.31722054
PR_20240208,08-02-2024,Textiles,8,Swing,139,8,22,986.135,1637.435,114.29,4,3,1.74,0.04,2,0,24.1,42.9,173260.0785,6.28959276
PR_20240209,09-02-2024,Furniture,18,Night,126,1,7,1666.66,1705.905,330.43,4,6,1.99,0.04,1,2,19,49,222452.2665,17.26027397
PR_20240210,10-02-2024,Textiles,7,Swing,141,3,16,1112.22,2383.09,265.18,3,3,0.78,0.04,0,0,22.5,48.1,193975.3931,9.04425914
PR_20240211,11-02-2024,Furniture,17,Swing,50,0,16,4142.435,1945.55,163.25,2,7,1.3,0.02,0,2,22.4,32.5,238055.995,3.144654088
PR_20240212,12-02-2024,Appliances,12,Night,67,8,7,1324.31,2414.82,366.43,2,3,1.24,0.05,2,2,22.8,36.1,105052.9532,9.911242604
PR_20240213,13-02-2024,Textiles,6,Swing,63,0,24,3547.08,2201.06,271.15,4,7,1.1,0.02,0,2,23.9,42.4,276137.4058,2.632678646
PR_20240214,14-02-2024,Automotive,3,Swing,184,7,12,2079.985,1567.295,202.73,4,6,1.4,0.04,1,1,20.1,56.6,401712.8554,15.18151815
PR_20240215,15-02-2024,Textiles,7,Swing,101,2,18,2903.295,1967.26,392.86,2,4,1.96,0.04,1,1,20.9,53.7,329351.6886,5.501089325
PR_20240216,16-02-2024,Furniture,19,Night,176,0,2,2630.25,1353.535,124.12,4,1,1.62,0.02,0,0,23.9,42.8,465252.0802,102.3255814
PR_20240217,17-02-2024,Textiles,8,Night,65,7,6,1022.875,1952.23,246.28,3,3,1.51,0.05,0,1,24.1,57.3,78766.4017,10.33386328
PR_20240218,18-02-2024,Textiles,8,Night,81,3,3,3863.545,1491.31,211.18,3,2,1.54,0.01,1,2,21.8,53,318062.3383,23.61516035
PR_20240219,19-02-2024,Furniture,19,Unknown,118,3,9,3842.67,1767.695,148.73,1,7,1.92,0.03,2,2,20.3,46.6,469344.315,13.11111111
PR_20240220,20-02-2024,Electronics,16,Swing,51,34,18,1830.32,1974.775,152.02,1,1,1.61,0.04,0,0,22.4,33.1,129109.4953,2.816123689
PR_20240221,21-02-2024,Textiles,6,Night,116,4,4,1280.89,1493.815,186.14,2,1,1.92,0.04,2,2,18.8,43.7,154917.0156,27.35849057
PR_20240222,22-02-2024,Automotive,4,Day,120,3,11,1174.01,2195.215,108.13,1,5,1.51,0.03,0,0,22.5,53.2,163952.9097,11.41769743
PR_20240223,23-02-2024,Textiles,6,Night,179,3,6,3656.465,1852.865,338.54,4,2,1.88,0.02,1,1,23.3,33,664716.5211,32.48638838
PR_20240224,24-02-2024,Appliances,11,Night,126,0,6,2783.89,2346.35,304.46,2,6,2.2,0.03,1,2,19.3,33.5,365364.437,20.25723473
PR_20240225,25-02-2024,Electronics,13,Night,183,0,2,2085.83,1640.775,442.77,4,5,0.66,0.04,1,0,18.6,55.9,385185.333,86.32075472
PR_20240226,26-02-2024,Automotive,4,Swing,177,8,13,1973.105,2211.915,418.22,3,1,2.01,0.04,2,0,20.2,39.5,377286.6672,13.95899054
PR_20240227,27-02-2024,Appliances,9,Night,188,7,5,2660.31,1282.56,491.12,4,3,2.13,0.04,0,0,23.8,53.5,506320.2192,39.00414938
PR_20240228,28-02-2024,Automotive,3,Unknown,131,2,8,1743.48,1944.715,109.04,4,1,1.99,0.01,0,1,21.3,36.8,244128.6243,16.19283066
PR_20240229,29-02-2024,Electronics,15,Day,196,6,9,900.13,2312.115,300.27,1,3,0.96,0.03,1,0,24,46.9,197766.3014,21.23510293
PR_20240301,01-03-2024,Electronics,16,Night,118,6,6,2221.1,2292.91,167.36,4,5,0.73,0.04,2,2,19.3,54.1,276374.6293,18.94060995
PR_20240302,02-03-2024,Automotive,4,Day,191,0,12,3760.84,1961.415,287.8,3,2,2.33,0.05,1,0,19.7,32.9,741857.42,15.91666667
PR_20240303,03-03-2024,Automotive,2,Night,52,0,3,3517.02,2029.885,173.52,3,6,1.18,0.02,0,0,18.5,46.8,189035.5915,17.16171617
PR_20240304,04-03-2024,Furniture,19,Swing,181,9,17,3879.41,2212.75,129.35,1,4,0.87,0.02,0,2,19.9,44,740365.275,10.48667439
PR_20240305,05-03-2024,Appliances,11,Night,82,0,8,3053.595,1932.19,432.02,4,3,1.85,0.04,1,1,18.6,43.4,265291.9749,10.63553826
PR_20240306,06-03-2024,Automotive,1,Swing,86,6,13,1001.165,2256.17,272.73,2,3,2.24,0.03,0,1,20.9,41.7,114888.9192,6.739811912
PR_20240307,07-03-2024,Appliances,10,Night,147,4,4,2393.11,2006.505,374.06,2,7,2.47,0.02,0,0,18.5,48.7,359090.8482,40.38461538
PR_20240308,08-03-2024,Electronics,13,Night,75,5,2,905.975,1442.045,144.68,3,3,1.59,0.04,1,1,22.7,50,70255.397,46.875
PR_20240309,09-03-2024,Electronics,13,Day,177,3,9,4073.965,2213.585,330.2,4,5,2.26,0.02,2,1,22.6,49.5,741102.6134,19.57964602
PR_20240310,10-03-2024,Automotive,3,Swing,189,0,16,3110.375,1700.895,431.36,2,3,1.47,0.02,0,1,19,33.6,615874.6157,11.47540984
PR_20240311,11-03-2024,Appliances,10,Day,123,0,11,889.275,2359.71,456.58,4,1,1.58,0.01,1,1,18.1,40,136139.9364,10.84656085
PR_20240312,12-03-2024,Electronics,15,Swing,92,2,17,4049.75,1735.13,221.11,3,4,1.63,0.03,1,0,23.5,44,402577.3977,5.320994795
PR_20240313,13-03-2024,Furniture,17,Swing,76,3,16,2080.82,1557.275,464.59,3,2,2.25,0.02,1,2,22.8,58.8,183136.5838,4.735202492
PR_20240314,14-03-2024,Appliances,11,Swing,150,1,17,1332.66,1631.59,294.94,2,4,0.98,0.04,1,0,21,50.4,228190.7706,8.650519031
PR_20240315,15-03-2024,Appliances,10,Swing,178,2,21,3267.355,1481.29,198.69,2,3,1.99,0.04,0,2,24.6,44.5,612133.3898,8.632395732
PR_20240316,16-03-2024,Appliances,10,Night,69,4,7,1345.185,1814.455,320.26,2,1,1.18,0.04,1,2,22.3,49.2,105881.841,9.583333333
PR_20240317,17-03-2024,Appliances,9,Night,67,9,1,1575.645,2189.37,375.28,4,3,0.7,0.03,2,0,24,52.5,108129.7779,57.26495726
PR_20240318,18-03-2024,Appliances,9,Night,183,8,2,1127.25,2079.15,132.94,1,2,2.45,0.02,0,2,22.9,46.8,210736.131,85.51401869
PR_20240319,19-03-2024,Furniture,17,Night,119,4,6,3178.845,2343.845,377.42,1,5,2.35,0.02,2,2,22.8,56.9,392392.5019,19.76744186
PR_20240320,20-03-2024,Electronics,14,Night,142,0,4,1543.915,1278.385,402.88,3,5,1.51,0.02,0,1,20.1,41.6,223748.6291,40.2266289
PR_20240321,21-03-2024,Appliances,11,Night,54,6,8,3559.605,2204.4,272.39,1,3,0.81,0.04,1,0,21.9,52.7,208883.934,7.142857143
PR_20240322,22-03-2024,Appliances,12,Swing,157,3,15,2905.8,2014.855,458.41,1,2,2.23,0.05,1,0,20.2,31.6,486151.3453,10.56527591
PR_20240323,23-03-2024,Appliances,10,Swing,160,9,19,2135.93,2460.745,188.82,4,4,1.3,0.05,1,1,19.5,37.2,387592.4793,8.588298443
PR_20240324,24-03-2024,Electronics,16,Night,133,6,5,4081.48,2293.745,176.15,1,2,1.53,0.02,1,0,18.3,44.8,553388.067,28.91304348
PR_20240325,25-03-2024,Automotive,1,Swing,118,2,14,1493.815,1604.035,350.59,2,6,2.48,0.02,1,2,23.1,59.2,199095.5881,8.292340126
PR_20240326,26-03-2024,Electronics,15,Swing,166,6,22,3379.245,2334.66,283.86,2,0,1.43,0.04,1,0,20.2,52,611430.0192,7.678075856
PR_20240327,27-03-2024,Appliances,10,Swing,166,1,18,1346.855,2348.855,267.05,1,1,0.8,0.04,0,2,24.6,30.7,266068.717,9.17634052
PR_20240328,28-03-2024,Electronics,15,Night,57,4,5,1579.82,2285.395,350.71,2,1,1.83,0.03,2,1,19.3,52.1,100493.9952,12.4726477
PR_20240329,29-03-2024,Textiles,8,Swing,172,7,16,1263.355,1910.48,246.13,4,3,1.6,0.02,0,0,19.2,35.9,247463.5392,10.89297023
PR_20240330,30-03-2024,Automotive,4,Swing,181,7,12,3960.405,2316.29,483.25,2,4,0.86,0.03,2,0,23,53.4,744651.9479,15.07077435
PR_20240331,31-03-2024,Furniture,18,Night,58,8,7,2420.665,1647.455,460.55,1,7,0.88,0.01,1,2,20.5,56.4,151535.3658,8.579881657
PR_20240401,01-04-2024,Textiles,5,Swing,96,9,13,3632.25,1689.205,224.04,3,4,2.34,0.05,1,0,22.6,54,370892.1537,7.305936073
PR_20240402,02-04-2024,Appliances,11,Night,137,8,5,1022.875,2064.12,176.92,2,3,0.58,0.04,1,2,23.3,36.6,149855.8802,29.08704883
PR_20240403,03-04-2024,Furniture,17,Unknown,131,2,8,2785.56,1286.735,171.06,1,3,1.75,0.03,2,1,22.1,49.7,375562.5258,15.82125604
PR_20240404,04-04-2024,Furniture,18,Day,166,2,9,2339.67,2068.295,411.51,4,5,2.08,0.03,0,1,23.2,59.6,407516.9488,17.94594595
PR_20240405,05-04-2024,Automotive,2,Unknown,188,5,9,4132.415,1654.135,341.9,4,2,1.25,0.02,1,1,22.6,58.6,791318.0772,21.55963303
PR_20240406,06-04-2024,Electronics,13,Night,134,8,3,3483.62,2374.74,316.39,2,6,0.78,0.05,2,0,18.7,59.9,474190.5214,43.08681672
PR_20240407,07-04-2024,Electronics,13,Day,79,0,11,3933.685,1770.2,362.42,4,1,2.34,0.02,0,2,24.3,46.2,329436.725,7.488151659
PR_20240408,08-04-2024,Electronics,16,Swing,98,9,20,2419.83,2190.205,395.33,2,1,1.02,0.01,1,0,20.5,40.4,281779.7179,4.808635918
PR_20240409,09-04-2024,Electronics,13,Swing,153,0,20,3542.905,1594.015,190.41,4,2,0.86,0.04,0,1,21.6,42.8,574407.0293,7.540660424
PR_20240410,10-04-2024,Textiles,6,Day,150,2,11,1529.72,1664.99,491.88,2,6,0.63,0.04,2,2,19.7,32.7,247240.0932,14.04494382
PR_20240411,11-04-2024,Appliances,12,Night,197,6,1,3178.845,1484.63,241.76,4,3,2.29,0.02,1,2,22.2,50.3,628147.6377,152.7131783
PR_20240412,12-04-2024,Furniture,19,Swing,68,9,14,4075.635,1554.77,131.29,4,5,1.58,0.01,1,0,18.3,36.9,299423.0341,4.745289602
PR_20240413,13-04-2024,Appliances,10,Swing,185,0,15,2874.905,1387.77,433.88,3,1,1.28,0.04,1,1,21.5,54.1,552257.644,12.58503401
PR_20240414,14-04-2024,Appliances,10,Swing,176,2,21,909.315,2024.875,312.47,1,2,2.04,0.05,0,2,23.7,58.5,201954.3525,8.502415459
PR_20240415,15-04-2024,Automotive,3,Swing,58,2,20,1988.135,2304.6,107.2,3,4,1.55,0.04,1,2,18.8,40.9,162049.118,2.859960552
PR_20240416,16-04-2024,Automotive,1,Swing,74,0,19,2826.475,1608.21,343.18,2,4,1.11,0.04,1,1,25,49.8,239425.6622,3.931987248
PR_20240417,17-04-2024,Automotive,4,Swing,90,4,21,1222.44,1630.755,348.03,3,2,1.28,0.04,0,0,24.8,54.7,143792.5361,4.345726702
PR_20240418,18-04-2024,Automotive,1,Night,53,8,7,2176.845,2391.44,370.09,1,3,2.02,0.05,2,1,23.6,37.1,131443.2618,7.886904762
PR_20240419,19-04-2024,Electronics,14,Swing,154,4,14,2341.34,1366.06,338.28,1,1,1.03,0.05,1,0,23,36.8,379759.503,10.96085409
PR_20240420,20-04-2024,Furniture,19,Swing,192,2,22,3772.53,1366.895,206.72,2,3,1.57,0.04,1,2,23.1,32.5,755053.5596,8.540925267
PR_20240421,21-04-2024,Electronics,16,Swing,88,9,13,2740.47,2217.76,499.61,3,1,2.23,0.04,1,2,18.9,38.8,270457.9696,6.661619985
PR_20240422,22-04-2024,Appliances,9,Swing,70,1,21,2663.65,1566.46,287.03,4,3,2.25,0.01,0,0,22.9,56.7,220056.067,3.263403263
PR_20240423,23-04-2024,Electronics,14,Swing,143,0,22,2054.935,1917.995,255.24,1,5,2.29,0.04,0,1,20.7,33.2,335783.0757,6.541628545
PR_20240424,24-04-2024,Furniture,20,Night,139,5,3,2117.56,1826.145,101.53,2,3,2.03,0.04,2,2,22.8,38.6,299125.3399,53.05343511
PR_20240425,25-04-2024,Furniture,19,Swing,161,0,22,5010,1948.055,327.54,3,7,1.52,0.04,2,1,21,55.6,849584.0933,7.298277425
PR_20240426,26-04-2024,Appliances,11,Night,72,0,3,1381.09,1359.38,295.22,3,4,1.5,0.05,1,0,19.7,55,103965.2154,21.62162162
PR_20240427,27-04-2024,Textiles,7,Day,97,7,10,2399.79,1727.615,478.73,3,3,2.42,0.05,2,0,23.9,33.3,250487.6838,9.463414634
PR_20240428,28-04-2024,Appliances,9,Swing,149,7,18,2530.05,2054.1,227.79,4,6,2.04,0.01,0,1,19.6,51.7,414546.939,8.146528157
PR_20240429,29-04-2024,Appliances,12,Night,141,5,3,3128.745,1533.06,371.77,1,3,0.92,0.01,0,0,18.5,41.1,445184.9928,53.6121673
PR_20240430,30-04-2024,Electronics,14,Day,162,3,10,2821.465,1440.375,352.1,3,7,1.16,0.04,0,2,19.9,31.3,471610.7137,16.0555005
PR_20240501,01-05-2024,Automotive,3,Night,189,1,6,1927.18,1801.93,416.11,2,4,1.16,0.05,1,1,24.1,31.5,375769.372,29.53125
PR_20240502,02-05-2024,Textiles,8,Swing,148,5,17,2607.705,2434.025,418.1,4,3,2.05,0.03,1,2,20.1,39.8,427878.5908,8.589669182
PR_20240503,03-05-2024,Automotive,2,Swing,54,1,21,900.13,2440.705,101.46,2,6,1.43,0.01,1,1,22.1,54.7,99837.41795,2.572653645
PR_20240504,04-05-2024,Appliances,10,Swing,115,8,19,3130.415,2317.125,447.3,1,4,1.96,0.04,1,1,23.8,55.7,403212.1063,6.166219839
PR_20240505,05-05-2024,Textiles,5,Swing,155,8,14,1610.715,1574.81,147.19,1,5,0.59,0.02,0,1,20.4,56.1,271141.2334,11.36363636
PR_20240506,06-05-2024,Electronics,13,Swing,95,1,20,3616.385,2121.735,121.06,3,6,1.83,0.03,1,1,22.3,35.5,386839.969,4.656862745
PR_20240507,07-05-2024,Appliances,9,Swing,126,4,21,3251.49,2457.405,422.87,4,4,1.13,0.03,0,0,23.5,47.4,460531.4495,6.089898502
PR_20240508,08-05-2024,Appliances,10,Swing,132,0,12,1368.565,2103.365,133.89,1,6,0.94,0.03,2,0,20.9,32.5,206732.306,10.64516129
PR_20240509,09-05-2024,Furniture,17,Swing,146,7,21,1910.48,2018.195,118.04,2,7,1.83,0.02,1,1,20.1,55.3,320625.9887,7.066795741
PR_20240510,10-05-2024,Electronics,14,Swing,183,8,22,3331.65,1399.46,196.88,2,4,0.71,0.04,0,1,19.6,57.5,639808.3292,8.503717472
PR_20240511,11-05-2024,Electronics,13,Night,158,3,1,3188.865,2189.37,309.53,1,4,1.83,0.03,0,0,22.1,52,506467.914,131.6666667
PR_20240512,12-05-2024,Appliances,10,Swing,72,4,21,2633.59,2213.585,448.11,3,2,2.49,0.03,1,1,21.5,32.9,236657.1613,3.388235294
PR_20240513,13-05-2024,Textiles,8,Night,154,9,2,1819.465,1467.095,467.18,4,1,2.33,0.02,0,0,22.3,38.3,283542.5866,67.54385965
PR_20240514,14-05-2024,Textiles,6,Night,181,4,8,2580.15,1751.83,281.35,4,0,2.03,0.04,1,1,19.8,53.7,480811.5704,22.96954315
PR_20240515,15-05-2024,Automotive,2,Swing,173,9,14,4146.61,1963.92,336.2,3,2,1.18,0.04,1,0,23.5,46.5,744367.43,12.58181818
PR_20240516,16-05-2024,Furniture,18,Night,179,0,7,2181.02,1563.12,469.57,3,5,1.1,0.01,2,0,20.7,34.3,400750.4344,27.03927492
PR_20240517,17-05-2024,Furniture,20,Swing,90,1,21,2588.5,2483.29,409.54,4,3,2.44,0.04,1,0,24,59.8,285461.7506,4.257332072
PR_20240518,18-05-2024,Automotive,2,Swing,158,1,19,3516.185,1461.25,348.83,2,1,0.7,0.05,2,2,19.5,46.9,583510.9425,8.25927862
PR_20240519,19-05-2024,Automotive,4,Swing,75,8,12,929.355,2460.745,197.97,3,5,0.92,0.05,0,2,25,33.3,99575.0693,6.177924217
PR_20240520,20-05-2024,Automotive,2,Swing,78,6,20,3897.78,1459.58,288.26,1,1,2.16,0.02,0,0,20.4,39.3,333597.9308,3.849950642
PR_20240521,21-05-2024,Electronics,13,Swing,168,1,20,3666.485,1872.07,443.63,4,5,1.49,0.03,1,2,18.7,58.1,653036.466,8.484848485
PR_20240522,22-05-2024,Automotive,1,Unknown,179,5,9,2668.66,2489.135,224.33,3,4,2.3,0.02,2,2,18.3,42,499046.9183,20.86247086
PR_20240523,23-05-2024,Electronics,16,Night,84,9,2,2623.57,1497.155,158.1,4,4,1.24,0.03,0,2,22.2,42.4,224107.796,33.73493976
PR_20240524,24-05-2024,Electronics,13,Swing,61,9,15,3883.585,2176.01,161.77,3,4,1.11,0.04,0,1,21.1,51.2,268711.9512,4.172366621
PR_20240525,25-05-2024,Appliances,9,Swing,133,3,19,3190.535,1892.11,409,2,5,1.69,0.04,1,1,22.1,46.6,460423.6927,6.974305191
PR_20240526,26-05-2024,Furniture,19,Swing,161,3,22,3392.605,1781.055,165.97,2,1,1.87,0.03,2,1,19.2,38.3,585962.5526,7.213261649
PR_20240527,27-05-2024,Textiles,7,Night,112,9,2,1602.365,1774.375,117.99,3,2,1.84,0.04,0,1,20.6,47.5,182747.4738,60.54054054
PR_20240528,28-05-2024,Electronics,16,Day,152,0,10,867.565,1950.56,441.68,1,2,1.01,0.04,0,0,21.1,32.5,151960.648,14.75728155
PR_20240529,29-05-2024,Furniture,19,Swing,156,8,17,2302.93,2212.75,473.55,4,5,2.19,0.05,1,0,20.7,34.9,396254.26,9.330143541
PR_20240530,30-05-2024,Furniture,17,Day,73,2,12,1196.555,1660.815,494.52,3,1,1.42,0.02,1,1,24,56.2,106497.7119,6.331309627
PR_20240531,31-05-2024,Furniture,17,Night,174,5,6,2221.935,2499.99,246.2,1,3,0.66,0.02,1,2,22.6,34.6,402016.6284,28.24675325
PR_20240601,01-06-2024,Automotive,4,Swing,167,0,15,2944.21,2388.1,463.79,4,1,1.6,0.05,1,1,23.6,50.8,526740.378,11.3760218
PR_20240602,02-06-2024,Electronics,13,Swing,139,4,21,2856.535,1867.895,161.72,4,3,1.07,0.03,1,1,22.9,40.4,436639.0601,6.559697971
PR_20240603,03-06-2024,Automotive,2,Swing,61,1,23,3137.93,1922.17,497.16,3,3,1.68,0.04,1,0,24.9,50.8,235104.6541,2.683677959
PR_20240604,04-06-2024,Automotive,4,Swing,163,6,24,1307.61,2159.31,106.8,1,6,0.87,0.05,1,0,23.7,43.4,264596.7873,6.840117499
PR_20240605,05-06-2024,Appliances,12,Day,153,7,10,1648.29,1621.57,238.54,2,1,2.15,0.03,1,0,24.9,30.2,268160.8345,15.53299492
PR_20240606,06-06-2024,Automotive,3,Night,73,9,6,3162.145,1877.08,397.87,1,5,0.85,0.02,0,2,23.5,39.7,241479.6286,12.87477954
PR_20240607,07-06-2024,Furniture,20,Swing,138,9,20,1449.56,1683.36,340.75,4,1,1.34,0.03,1,2,20.9,50.8,232948.968,7.058823529
PR_20240608,08-06-2024,Textiles,7,Swing,161,4,17,1554.77,1785.23,259.9,2,3,0.57,0.03,1,0,18.9,34.9,280363.3909,9.566250743
PR_20240609,09-06-2024,Automotive,2,Swing,134,8,18,3089.5,2257.005,131.06,1,3,1.8,0.03,1,2,20.7,50.5,455363.9017,7.310420076
PR_20240610,10-06-2024,Furniture,19,Day,70,5,9,3264.015,1887.1,480.81,3,4,0.69,0.05,1,2,24.4,55.4,246163.177,7.470651014
PR_20240611,11-06-2024,Automotive,3,Night,174,2,6,1810.28,2297.92,441.61,3,7,1.95,0.02,0,2,21.4,34.1,329074.9696,28.38499184
PR_20240612,12-06-2024,Automotive,1,Swing,135,2,19,3746.645,1493.815,130.21,3,1,1.84,0.04,2,2,20.3,37,534045.1167,7.139079852
PR_20240613,13-06-2024,Automotive,1,Day,90,24,11,3623.065,2083.325,401.01,2,4,1.34,0.01,1,0,21.6,45,349492.423,8.007117438
PR_20240614,14-06-2024,Automotive,2,Swing,179,0,17,2838.165,2332.155,166.63,3,3,1.48,0.03,0,2,23.5,33.3,547305.0252,10.62945368
PR_20240615,15-06-2024,Textiles,7,Swing,157,5,21,3595.51,1486.3,485.43,3,6,2.17,0.01,1,1,22.4,58,595796.548,7.454890788
PR_20240616,16-06-2024,Textiles,6,Unknown,77,3,9,4101.52,1852.865,126.6,3,4,1.01,0.03,2,2,21.7,59.5,332344.5958,8.632286996
PR_20240617,17-06-2024,Appliances,9,Swing,101,5,19,3975.435,2386.43,173.44,4,2,1.77,0.02,2,0,24.9,47.1,446049.7188,5.412647374
PR_20240618,18-06-2024,Automotive,4,Day,120,2,11,1261.685,2444.045,409.08,2,3,1.65,0.04,0,0,22.2,38.9,179313.1939,10.50788091
PR_20240619,19-06-2024,Furniture,20,Swing,118,8,15,2103.365,2210.245,106.83,1,3,1.95,0.03,1,2,18.9,39.6,281836.9989,7.752956636
PR_20240620,20-06-2024,Electronics,13,Swing,139,7,20,3250.655,2076.645,450.55,3,5,1.31,0.03,0,0,23.5,42.6,493477.7773,6.932668329
PR_20240621,21-06-2024,Appliances,12,Night,62,0,8,1128.92,1469.6,204.42,2,2,2.26,0.04,1,0,19.2,55.8,81558.792,7.878017789
PR_20240622,22-06-2024,Furniture,20,Swing,90,5,20,1292.58,2474.94,444.49,2,2,0.97,0.03,0,0,24,54.3,166548.7326,4.435682602
PR_20240623,23-06-2024,Appliances,12,Night,194,1,6,2176.845,1272.54,288.66,4,1,2.11,0.04,0,2,19.5,57,429586.8588,33.91608392
PR_20240624,24-06-2024,Electronics,15,Day,187,1,11,855.875,1928.85,122.73,3,4,1.7,0.03,1,0,24.4,57.8,180725.897,17.44402985
PR_20240625,25-06-2024,Electronics,14,Night,62,9,7,2307.94,1486.3,316.05,3,1,2.1,0.05,2,2,23,39.9,153986.859,8.458390177
PR_20240626,26-06-2024,Electronics,16,Night,171,6,1,2146.785,2437.365,388.72,3,8,2.43,0.02,2,1,23.5,51.5,370439.4251,124.8175182
PR_20240627,27-06-2024,Furniture,20,Night,71,2,1,3199.72,2080.82,314.08,4,5,0.51,0.04,1,1,24.8,36.2,229822.7614,55.90551181
PR_20240628,28-06-2024,Appliances,12,Night,186,0,5,1136.435,2352.195,460.19,4,3,0.56,0.01,0,0,20,50.2,224290.4606,33.87978142
PR_20240629,29-06-2024,Electronics,15,Swing,105,9,16,2312.115,1794.415,401.2,2,2,0.5,0.02,1,0,20.4,46.8,271231.4969,6.620428752
PR_20240630,30-06-2024,Furniture,20,Swing,67,8,13,4049.75,2176.845,149.59,1,0,1.13,0.03,1,0,21.7,39.5,299806.3826,5.122324159
PR_20240701,01-07-2024,Automotive,4,Unknown,84,5,8,3765.85,2134.26,118.44,2,6,1.29,0.03,1,0,22,32.4,334109.7858,10.08403361
PR_20240702,02-07-2024,Automotive,4,Day,103,0,11,3222.265,2332.155,244.68,2,3,1.25,0.05,0,1,21.9,40.7,358036.7526,9.188224799
PR_20240703,03-07-2024,Furniture,18,Swing,54,8,17,4101.52,1307.61,381.62,4,0,0.6,0.01,1,0,22.5,41.9,243109.9494,3.264812576
PR_20240704,04-07-2024,Automotive,1,Swing,59,2,21,1142.28,1925.51,442.83,3,4,2.31,0.03,2,0,24.5,56.2,108696.7095,2.750582751
PR_20240705,05-07-2024,Automotive,2,Night,191,8,7,1673.34,2197.72,444.26,2,1,0.76,0.02,2,1,19.7,57.6,334904.0712,27.44252874
PR_20240706,06-07-2024,Electronics,13,Swing,130,1,21,1304.27,2484.125,127.17,1,2,1.58,0.03,1,1,18.7,58.5,222317.915,6.120527307
PR_20240707,07-07-2024,Appliances,9,Day,86,0,10,3385.925,2138.435,422.11,2,2,2.31,0.03,1,0,18.6,38.5,313514.8114,8.237547893
PR_20240708,08-07-2024,Furniture,19,Unknown,100,6,9,3700.72,2001.495,215.14,2,1,1.58,0.03,1,0,21.2,56,387485.0065,11.49425287
PR_20240709,09-07-2024,Electronics,16,Swing,179,9,14,2976.775,1897.12,467.35,3,5,1.24,0.05,2,1,21.4,53.6,559554.1746,12.71306818
PR_20240710,10-07-2024,Textiles,8,Day,134,1,9,1696.72,1649.96,298.57,1,3,1.91,0.05,0,2,24.9,57.9,242523.6124,14.58106638
PR_20240711,11-07-2024,Appliances,10,Night,96,2,8,1244.985,1422.84,160.55,2,4,2.49,0.03,1,1,18.9,47.9,130460.1996,12.48374512
PR_20240712,12-07-2024,Textiles,7,Swing,134,6,22,2653.63,2408.14,497.12,4,4,1.7,0.03,1,1,20.3,31.4,407843.058,6.175115207
PR_20240713,13-07-2024,Electronics,13,Day,197,0,10,1330.155,1483.795,181.76,3,3,1.79,0.04,0,0,23.3,48.9,277353.2994,19.08914729
PR_20240714,14-07-2024,Appliances,11,Night,69,7,4,1376.08,2152.63,209.5,4,0,0.86,0.03,2,2,19.2,50.3,104593.3024,15.40178571
PR_20240715,15-07-2024,Appliances,9,Day,91,6,11,2697.885,2241.14,311.41,4,5,1.03,0.04,2,1,24,45.8,270025.6066,8.31809872
PR_20240716,16-07-2024,Electronics,14,Night,174,2,8,1159.815,2327.98,110.6,1,3,2.09,0.03,1,2,20.2,31.7,219616.857,22.74509804
PR_20240717,17-07-2024,Appliances,9,Swing,186,0,13,3886.09,1652.465,430.51,3,0,2,0.03,2,2,18,58.2,743947.7674,14.54261142
PR_20240718,18-07-2024,Furniture,17,Swing,59,1,16,1523.04,2362.215,280.79,2,6,0.98,0.01,1,1,20.8,33,127135.1127,3.738910013
PR_20240719,19-07-2024,Furniture,17,Night,139,1,1,3595.51,1887.1,240.43,2,7,1.51,0.04,1,2,20.3,30.2,502323.475,102.962963
PR_20240720,20-07-2024,Electronics,15,Swing,61,8,19,2753.83,1473.775,276.01,2,6,2.26,0.04,2,0,22.8,42.8,196162.208,3.190376569
PR_20240721,21-07-2024,Appliances,12,Day,161,9,12,1352.7,1381.925,487.68,2,4,0.86,0.02,2,2,21.2,39.3,234036.138,13.69047619
PR_20240722,22-07-2024,Electronics,14,Swing,154,1,13,4083.985,1367.73,297.01,2,3,1.95,0.05,2,2,19.5,52.6,647343.3358,11.44130758
PR_20240723,23-07-2024,Appliances,9,Night,80,8,4,2570.965,2068.295,401.16,3,5,1.2,0.05,0,2,19.3,39.6,214281.3072,19.23076923
PR_20240724,24-07-2024,Appliances,12,Day,69,4,11,1654.97,2157.64,106.08,4,4,0.63,0.03,0,1,22.6,40.5,138056.4284,6.238698011
PR_20240725,25-07-2024,Appliances,10,Swing,188,0,12,1593.18,1828.65,402.21,1,5,1.06,0.01,0,1,22.8,58.8,322046.808,15.25974026
PR_20240726,26-07-2024,Appliances,9,Night,129,3,2,1268.365,1477.115,137.93,4,5,1.34,0.04,1,1,23.7,36.3,166484.6881,66.49484536
PR_20240727,27-07-2024,Furniture,18,Night,85,9,5,2707.905,2440.705,417.47,4,5,1.99,0.03,1,2,24.8,52.6,242521.8923,16.79841897
PR_20240728,28-07-2024,Appliances,12,Day,199,3,9,2906.635,1774.375,467.36,4,7,0.75,0.05,0,0,21.8,35.5,595188.2088,21.05820106
PR_20240729,29-07-2024,Appliances,12,Night,95,8,5,2773.035,1348.525,193.59,3,4,2.22,0.04,1,2,23.7,42.5,270356.2583,18.51851852
PR_20240730,30-07-2024,Appliances,11,Unknown,121,2,8,3646.445,1556.44,210.87,2,0,1.15,0.03,1,2,19.1,50.7,454247.2478,14.45639188
PR_20240731,31-07-2024,Automotive,1,Swing,197,9,21,5427.5,2008.175,423.22,4,3,0.8,0.01,0,0,19.2,51.5,1111810.892,9.288071664
PR_20240801,01-08-2024,Furniture,18,Swing,88,7,15,929.355,1847.855,413.89,4,8,1.24,0.03,1,2,23.4,53.7,110184.7714,5.725439167
PR_20240802,02-08-2024,Furniture,19,Swing,198,9,14,3658.97,1883.76,417.2,4,2,2.36,0.04,1,1,18.5,33.4,750170.5464,14.51612903
PR_20240803,03-08-2024,Electronics,13,Swing,105,1,20,1235.8,1594.015,423.21,1,5,1.63,0.04,1,1,23,39.6,162324.7264,5.139500734
PR_20240804,04-08-2024,Furniture,17,Night,60,2,6,1317.63,1255.005,238.12,2,5,1.2,0.04,1,1,19.2,44.4,87140.0322,9.316770186
PR_20240805,05-08-2024,Automotive,4,Swing,137,7,23,2632.755,1429.52,480.14,2,4,1.36,0.04,2,1,19.7,36.3,394209.679,5.842217484
PR_20240806,06-08-2024,Furniture,19,Night,137,6,6,2193.545,2429.015,459.38,4,5,1.98,0.03,1,1,19.9,51.9,315211.2057,22.6446281
PR_20240807,07-08-2024,Automotive,4,Swing,152,6,12,3061.11,1988.97,151.09,4,6,0.59,0.04,2,0,24,57.6,489792.8304,12.33766234
PR_20240808,08-08-2024,Furniture,19,Swing,156,3,23,1470.435,1458.745,116.88,2,4,2.4,0.02,1,2,19.2,51.6,263186.9817,6.732844195
PR_20240809,09-08-2024,Automotive,1,Unknown,133,3,9,3642.27,1487.135,467.19,3,1,2.17,0.03,1,2,19.1,42.4,497315.3705,15.34025375
PR_20240810,10-08-2024,Furniture,19,Night,174,2,5,1559.78,2400.625,185.92,1,5,2.27,0.04,0,1,18.4,43.5,283020.745,35.95041322
PR_20240811,11-08-2024,Electronics,15,Day,61,9,10,2277.045,1521.37,396.45,1,2,1.83,0.02,1,0,24.9,55.3,154676.3519,5.882352941
PR_20240812,12-08-2024,Electronics,15,Night,196,0,6,909.315,1360.215,364.9,3,1,1.68,0.04,0,1,21.8,42.4,186876.7074,30.81761006
PR_20240813,13-08-2024,Automotive,2,Swing,82,3,18,4055.595,2429.85,389.96,2,4,1.19,0.03,1,1,22.3,48,376806.3585,4.503020319
PR_20240814,14-08-2024,Appliances,10,Swing,176,9,22,1805.27,1557.275,347.12,1,7,1.1,0.04,1,1,24.3,42,352252.3068,7.938655841
PR_20240815,15-08-2024,Furniture,19,Swing,194,0,21,2614.385,2342.175,214.53,4,4,0.68,0.04,0,2,18.9,48.1,555697.1342,9.367455336
PR_20240816,16-08-2024,Furniture,19,Night,135,9,4,2429.015,2231.12,337.61,4,7,0.57,0.05,2,0,18.9,54.4,337510.841,31.39534884
PR_20240817,17-08-2024,Electronics,16,Swing,83,7,23,2176.01,1664.99,312.77,2,4,0.61,0.02,0,0,20.2,58.1,218687.1513,3.62920857
PR_20240818,18-08-2024,Electronics,14,Swing,151,6,18,1438.705,2476.61,222.53,4,5,0.86,0.04,1,1,18.4,59.5,261625.3062,8.426339286
PR_20240819,19-08-2024,Automotive,1,Swing,178,5,18,2903.295,2422.335,239.23,4,3,0.82,0.02,0,1,25,32.1,561454.3674,9.652928416
PR_20240820,20-08-2024,Textiles,7,Swing,128,8,14,2690.37,1634.93,358.87,2,4,2.07,0.03,0,1,23.2,43.1,366684.1545,9.377289377
PR_20240821,21-08-2024,Appliances,9,Day,158,9,10,2304.6,1530.555,434.3,4,2,0.71,0.03,1,2,23.7,42.1,378804.8225,16.47549531
PR_20240822,22-08-2024,Automotive,3,Night,171,0,7,2669.495,1316.795,337.72,1,5,2.03,0.02,1,0,24.3,58,465437.851,25.14705882
PR_20240823,23-08-2024,Appliances,9,Day,86,0,12,3006.835,2405.635,275.05,2,0,1.38,0.02,0,1,23.3,31.2,287022.4157,7.275803723
PR_20240824,24-08-2024,Automotive,4,Swing,114,5,20,3709.07,2356.37,149.02,1,3,2.42,0.03,0,1,20.6,41.3,468806.7587,5.843157355
PR_20240825,25-08-2024,Furniture,19,Unknown,179,0,8,1601.53,2110.045,107.23,4,5,1.71,0.04,1,2,18.2,56.7,303870.7367,21.96319018
PR_20240826,26-08-2024,Automotive,2,Swing,149,7,21,3409.305,2398.955,135.09,4,2,1.62,0.05,0,0,18.6,56.2,559492.0089,6.939916162
PR_20240827,27-08-2024,Appliances,9,Night,65,5,4,3559.605,1614.055,127.25,1,3,1.79,0.03,1,0,18.2,57.7,238411.6048,14.90825688
PR_20240828,28-08-2024,Textiles,7,Night,138,3,2,3321.63,1384.43,165.9,3,6,1.49,0.03,2,2,24.3,38.8,461347.6202,64.48598131
PR_20240829,29-08-2024,Furniture,19,Swing,92,8,13,3567.955,2230.285,461.53,3,2,1.64,0.03,1,1,21.3,35.5,356286.5425,7.319013524
PR_20240830,30-08-2024,Appliances,11,Swing,133,7,22,2766.355,2475.775,160.3,3,3,1.91,0.04,1,2,25,48.4,423308.3018,5.945462673
PR_20240831,31-08-2024,Textiles,8,Swing,159,3,20,908.48,1571.47,177.29,2,1,2.19,0.04,2,1,20.7,45.8,176223.4434,7.863501484
PR_20240901,01-09-2024,Furniture,20,Night,195,3,4,3158.805,1529.72,345.1,1,2,2.34,0.02,1,0,20.8,50.3,622345.9074,46.76258993
PR_20240902,02-09-2024,Electronics,15,Night,192,3,4,3714.08,2429.015,315.55,3,3,1.88,0.03,0,0,19.5,35.5,723378.0935,45.39007092
PR_20240903,03-09-2024,Appliances,12,Night,114,0,3,1715.925,2153.465,434.55,1,0,2.34,0.02,0,2,20.3,59.1,202506.538,35.625
PR_20240904,04-09-2024,Furniture,20,Swing,85,0,19,3320.795,1606.54,191.89,1,1,1.59,0.01,2,2,20.3,37.3,312968.5544,4.447933019
PR_20240905,05-09-2024,Textiles,7,Unknown,179,8,9,1208.245,1954.735,293.36,1,2,0.97,0.05,2,2,24.9,43.2,233067.0287,20.83818393
PR_20240906,06-09-2024,Furniture,20,Unknown,153,2,9,2993.475,1850.36,143.64,4,6,1.18,0.04,0,1,19,52.2,474044.2962,17.64705882
PR_20240907,07-09-2024,Electronics,15,Swing,135,5,22,1026.215,2171.835,334.88,3,3,2.23,0.05,2,0,24.6,58.6,186927.5088,6.059245961
PR_20240908,08-09-2024,Furniture,20,Swing,163,4,16,2663.65,1783.56,340.92,3,1,1.79,0.03,0,1,24.5,45.4,462230.3488,10.36236491
PR_20240909,09-09-2024,Electronics,15,Swing,140,8,22,3764.18,1761.85,439.11,4,4,1.06,0.02,1,1,22.4,35.7,566450.64,6.25
PR_20240910,10-09-2024,Appliances,9,Night,106,1,7,2100.025,2317.96,232.12,4,3,1.65,0.02,0,1,22.2,48.7,237669.39,16.30769231
PR_20240911,11-09-2024,Furniture,20,Swing,121,3,18,1459.58,2138.435,219.16,4,3,1.83,0.02,1,0,20.3,33.7,215229.3161,6.699889258
PR_20240912,12-09-2024,Automotive,4,Night,126,2,3,3101.19,2153.465,480.92,4,4,2.5,0.02,2,0,20.8,43.4,397554.8894,39.87341772
PR_20240913,13-09-2024,Textiles,8,Swing,150,9,16,3658.97,1593.18,280.04,1,8,1.51,0.02,1,0,19.6,34.8,574814.334,9.202453988
PR_20240914,14-09-2024,Automotive,3,Day,122,7,11,1845.35,1822.805,215.69,1,1,2.3,0.02,2,0,20.6,37.2,245037.7306,11.17216117
PR_20240915,15-09-2024,Automotive,4,Night,71,2,2,2747.985,1997.32,342.45,3,4,1.18,0.05,1,1,21.5,56.4,198562.2986,41.04046243
PR_20240916,16-09-2024,Furniture,17,Night,187,6,3,3039.4,1577.315,157.27,1,3,1.78,0.03,0,0,23.9,50.1,573005.1061,63.60544218
PR_20240917,17-09-2024,Textiles,5,Swing,90,0,23,2138.435,2496.65,254.49,1,2,2.08,0.02,2,2,20.3,51.8,248983.306,3.975265018
PR_20240918,18-09-2024,Appliances,10,Swing,90,8,19,1060.45,1814.455,283.6,4,2,2.36,0.03,2,1,20.7,35.2,130005.8678,4.724409449
PR_20240919,19-09-2024,Textiles,8,Swing,160,0,19,3608.035,1715.09,453.35,3,7,1.46,0.02,1,2,19,58.3,610592.6478,8.238928939
PR_20240920,20-09-2024,Electronics,16,Night,151,3,2,3633.085,2318.795,390.7,3,5,2.21,0.04,2,1,18.7,31.9,552630.5383,86.7816092
PR_20240921,21-09-2024,Furniture,19,Swing,190,2,18,1176.515,1562.285,256.47,3,4,1.55,0.05,0,1,18.1,58.4,252018.3055,10.42238069
PR_20240922,22-09-2024,Automotive,3,Night,169,7,2,2798.92,2257.84,286.08,4,2,1.8,0.02,2,1,23.4,37.5,476675.1808,104.3209877
PR_20240923,23-09-2024,Appliances,10,Night,85,5,8,3279.88,2433.19,476.88,4,5,0.98,0.03,1,0,21.9,31.9,297136.0526,11.27320955
PR_20240924,24-09-2024,Furniture,20,Swing,90,6,12,1144.785,2155.135,434.79,4,2,2.15,0.03,1,2,21.9,44,129862.0808,7.228915663
PR_20240925,25-09-2024,Appliances,11,Day,84,1,10,3661.475,1876.245,147,2,2,2.44,0.04,0,1,19.1,44.9,326363.8749,8.383233533
PR_20240926,26-09-2024,Appliances,10,Night,198,5,4,2018.195,1407.81,243.5,1,2,2.06,0.01,1,1,23.2,53.9,405571.7244,46.69811321
PR_20240927,27-09-2024,Electronics,15,Swing,52,2,24,2800.59,2130.085,285.21,2,4,1.04,0.04,0,2,21.4,49.3,195921.9869,2.202456586
PR_20240928,28-09-2024,Textiles,5,Night,195,6,2,2092.51,2297.92,180.73,1,3,0.65,0.04,1,1,21.7,41.3,413163.8116,87.44394619
PR_20240929,29-09-2024,Furniture,18,Swing,116,0,17,2599.355,1771.87,151.54,2,4,0.62,0.04,2,2,24.7,48.4,331150.8464,6.937799043
PR_20240930,30-09-2024,Appliances,11,Swing,51,7,19,3032.72,2211.08,227.02,4,0,1.93,0.03,1,2,22.7,48.1,197099.3452,2.657634184
PR_20241001,01-10-2024,Textiles,7,Night,118,0,7,3200.555,1928.85,364.69,1,6,2.07,0.03,0,1,23.7,58,391919.6915,15.96752368
PR_20241002,02-10-2024,Automotive,1,Day,149,0,10,2179.35,2224.44,483.51,1,5,1.83,0.02,2,2,22.2,31.1,347768.3484,14.38223938
PR_20241003,03-10-2024,Electronics,13,Night,171,4,3,1206.575,1588.17,490.13,2,3,1.84,0.05,2,0,22.5,49.6,210977.6631,58.36177474
PR_20241004,04-10-2024,Electronics,16,Day,130,5,9,1981.455,1259.18,450.33,2,3,2.34,0.05,1,2,24.6,52.7,269261.7486,14.02373247
PR_20241005,05-10-2024,Textiles,7,Unknown,109,0,9,3623.065,2499.99,384.32,4,4,1.39,0.03,2,2,24.9,47.5,417388.9951,12.12458287
PR_20241006,06-10-2024,Automotive,2,Night,144,8,2,2804.765,1462.085,129.95,2,5,1.49,0.05,0,1,20.7,56.1,406357.0837,85.20710059
PR_20241007,07-10-2024,Textiles,8,Night,124,0,7,2330.485,2353.03,106.34,1,3,0.99,0.01,0,1,22.1,58.8,305616.0621,17.53889675
PR_20241008,08-10-2024,Electronics,14,Swing,109,5,22,3072.8,1363.555,109.5,4,4,2.5,0.04,0,0,24.1,37.4,365397.0187,4.879140555
PR_20241009,09-10-2024,Appliances,11,Swing,187,0,17,3565.45,2069.965,139.96,4,1,2.39,0.04,1,2,22.7,56.1,701038.4701,11.28545564
PR_20241010,10-10-2024,Automotive,2,Night,147,11,1,3780.045,1322.64,285.45,1,3,0.97,0.04,1,1,21.5,45.4,557438.9526,109.7014925
PR_20241011,11-10-2024,Appliances,12,Swing,91,0,13,3245.645,2092.51,107.41,1,5,0.96,0.04,1,2,22.9,51,322367.9991,7.04879938
PR_20241012,12-10-2024,Appliances,11,Day,187,0,9,1135.6,1385.265,242.13,3,5,2.05,0.03,2,0,21.5,37.7,224838.4376,20.75471698
PR_20241013,13-10-2024,Furniture,19,Swing,55,3,24,1581.49,2009.845,480.78,3,2,0.87,0.04,1,0,23.8,54.8,134514.7843,2.325581395
PR_20241014,14-10-2024,Appliances,10,Swing,130,9,23,4058.935,1705.07,324.42,1,0,0.9,0.04,0,0,21.7,44.1,566571.2474,5.69675723
PR_20241015,15-10-2024,Electronics,13,Swing,120,2,17,3251.49,1910.48,342.33,2,1,2.21,0.05,0,2,21.8,51.1,422255.7592,7.147111376
PR_20241016,16-10-2024,Electronics,14,Night,140,0,1,3813.445,1315.125,296.23,1,2,1.69,0.04,0,0,22.7,56,535749.7775,98.5915493
PR_20241017,17-10-2024,Automotive,3,Night,182,3,4,2606.87,1695.05,492.66,3,2,1.06,0.02,0,2,21.8,48.9,481874.659,41.55251142
PR_20241018,18-10-2024,Furniture,17,Swing,121,7,18,1169.835,2229.45,166.8,1,5,1.3,0.02,2,0,23.1,48.1,182750.271,6.547619048
PR_20241019,19-10-2024,Textiles,5,Swing,167,7,15,1309.28,2223.605,490.22,3,4,0.84,0.02,1,1,20.2,32,251648.0582,11.25336927
PR_20241020,20-10-2024,Appliances,10,Night,169,0,6,4034.72,2079.985,286.81,2,5,1.69,0.04,1,0,19.6,50.6,695096.3846,26.57232704
PR_20241021,21-10-2024,Appliances,9,Night,141,2,3,1976.445,2442.375,470.14,1,6,0.81,0.04,2,0,23.3,40.7,287202.6338,40.40114613
PR_20241022,22-10-2024,Furniture,17,Day,162,0,9,2129.25,2082.49,356.25,4,3,1.14,0.05,2,0,23.4,55.7,364555.5558,17.19745223
PR_20241023,23-10-2024,Automotive,1,Swing,58,0,21,4088.995,1685.03,181.01,3,0,2.44,0.05,1,0,22.2,43.4,272816.9448,2.741020794
PR_20241024,24-10-2024,Automotive,2,Swing,197,7,13,4509,2098.355,418.45,2,6,1.64,0.05,2,0,22,55.4,916390.957,14.70149254
PR_20241025,25-10-2024,Furniture,18,Night,108,8,8,880.925,1698.39,153.23,2,6,1.19,0.04,0,2,19.6,55.9,108234.4869,14.0077821
PR_20241026,26-10-2024,Electronics,13,Night,83,6,3,2658.64,2009.845,424.73,1,4,2.35,0.02,1,1,18.6,50.6,226797.1473,27.21311475
PR_20241027,27-10-2024,Automotive,3,Night,106,7,5,3274.035,2090.84,114.07,2,4,1.24,0.03,0,2,18.1,32.3,357836.4444,20.54263566
PR_20241028,28-10-2024,Automotive,2,Day,125,0,11,2643.61,1822.805,157.1,3,5,1.95,0.01,1,1,22.9,37.5,349754.755,11.80358829
PR_20241029,29-10-2024,Appliances,11,Swing,90,1,18,2997.65,2484.125,243.65,1,2,1.16,0.04,2,0,24,38,315546.0825,4.885993485
PR_20241030,30-10-2024,Electronics,16,Swing,174,0,12,2556.77,1376.08,126.04,1,5,1.11,0.02,1,1,24.9,52.6,461611.1128,14.30921053
PR_20241031,31-10-2024,Electronics,15,Day,95,0,12,1587.335,1887.1,427.35,4,5,1.45,0.05,1,0,24.8,56.9,173121.218,8.030431107
PR_20241101,01-11-2024,Furniture,17,Night,112,2,7,1129.755,2374.74,280.59,2,4,1.61,0.02,2,1,24.5,48.7,144105.636,15.13513514
PR_20241102,02-11-2024,Automotive,3,Night,107,2,7,887.605,1802.765,347.56,1,3,1.36,0.03,0,0,19.7,37.2,107142.3988,15.85185185
PR_20241103,03-11-2024,Furniture,20,Swing,99,4,16,3128.745,2020.7,140.48,3,1,2.16,0.03,1,2,18.7,40.1,342986.27,6.018237082
PR_20241104,04-11-2024,Appliances,9,Swing,63,0,17,2130.085,1766.86,102.78,3,5,1.88,0.03,0,0,18.8,45.8,164974.0562,3.616532721
PR_20241105,05-11-2024,Textiles,7,Swing,114,6,23,2544.245,2450.725,492.54,1,5,2.42,0.05,2,1,19.8,32.7,346704.692,4.930795848
PR_20241106,06-11-2024,Furniture,17,Swing,120,2,22,1226.615,2475.775,157.69,1,7,1.27,0.03,1,1,18.4,54.5,200893.3598,5.532503458
PR_20241107,07-11-2024,Electronics,14,Swing,185,0,14,2687.865,1487.97,432,2,3,1.58,0.04,1,2,23,48.8,518785.9509,12.78507256
PR_20241108,08-11-2024,Furniture,20,Swing,78,1,15,1662.485,2421.5,356.26,4,4,2.23,0.04,0,0,23.9,36.7,166141.62,5.179282869
PR_20241109,09-11-2024,Furniture,18,Day,199,0,10,3557.935,1895.45,422.19,3,7,1.05,0.04,1,1,19.5,57.4,726983.565,19.9
PR_20241110,10-11-2024,Electronics,13,Swing,173,9,23,2829.815,1971.435,340.94,2,5,2,0.02,1,1,19.1,45.8,535650.1453,7.399486741
PR_20241111,11-11-2024,Automotive,2,Swing,61,3,22,1044.585,2434.025,255.63,4,2,1.68,0.01,2,2,18.8,31.6,117487.2973,2.761430512
PR_20241112,12-11-2024,Appliances,11,Night,142,3,2,1553.1,2175.175,311.53,3,4,1.68,0.02,1,0,20.4,51.3,224825.2948,72.08121827
PR_20241113,13-11-2024,Automotive,1,Day,107,8,10,1617.395,2041.575,313.78,3,5,1.02,0.01,0,0,23.9,44.2,192578.722,11.19246862
PR_20241114,14-11-2024,Electronics,13,Day,162,4,10,3517.855,2352.195,171.35,4,4,1.04,0.04,1,2,22.3,44.5,593955.4649,15.83577713
PR_20241115,15-11-2024,Electronics,13,Night,56,0,7,2467.425,2076.645,355.67,1,4,2.36,0.04,2,2,22,50.7,153106.8776,7.788595271
PR_20241116,16-11-2024,Electronics,13,Day,67,0,11,2985.125,1347.69,169.96,1,6,0.58,0.03,0,2,24,35.9,215016.6416,6.014362657
PR_20241117,17-11-2024,Appliances,12,Day,124,0,11,2462.415,2124.24,316.65,1,3,1.59,0.02,2,1,20.7,58.5,329492.0688,10.9058927
PR_20241118,18-11-2024,Automotive,4,Swing,151,7,19,2191.875,2433.19,368.87,4,3,1.88,0.02,1,1,19,54.6,376887.4203,8.002119767
PR_20241119,19-11-2024,Automotive,1,Swing,123,4,22,3585.49,1918.83,424.61,1,7,0.86,0.03,2,2,18.6,57.1,483114.4002,5.606198724
PR_20241120,20-11-2024,Automotive,2,Swing,171,1,13,3582.985,1927.18,317.35,1,0,1.57,0.05,1,0,22.1,57.2,638013.5802,13.01369863
PR_20241121,21-11-2024,Electronics,16,Night,81,0,7,3645.61,1600.695,345.8,1,4,2.31,0.02,0,2,18.6,42.2,306355.2124,11.72214182
PR_20241122,22-11-2024,Textiles,5,Swing,71,0,13,4031.38,1957.24,390.93,2,2,2.12,0.04,1,0,24.8,39.8,312298.4168,5.33033033
PR_20241123,23-11-2024,Furniture,19,Night,126,8,5,1939.705,2427.345,245.16,1,4,2.26,0.02,2,0,22.2,46.6,256758.0161,24.75442043
PR_20241124,24-11-2024,Furniture,17,Day,158,1,9,3194.71,1607.375,118.72,4,4,1.33,0.02,0,2,18.9,33.5,519359.145,17.40088106
PR_20241125,25-11-2024,Electronics,14,Swing,169,2,13,1963.92,2464.92,218.32,3,6,1.73,0.02,2,0,22.8,45.4,364710.5652,12.69722014
PR_20241126,26-11-2024,Electronics,15,Swing,90,4,23,3816.785,2140.105,147.34,1,8,0.87,0.02,1,2,18.7,47.6,392497.6534,3.931847969
PR_20241127,27-11-2024,Electronics,15,Day,63,1,12,2601.025,1526.38,404.05,1,2,2.23,0.01,0,0,23.8,33.5,181845.3314,5.348047538
PR_20241128,28-11-2024,Textiles,8,Night,189,1,1,2077.48,2135.095,425.58,1,6,0.8,0.05,1,1,22.2,52.2,395269.8869,153.6585366
PR_20241129,29-11-2024,Appliances,12,Night,104,9,4,860.05,1782.725,487.49,1,1,0.74,0.01,2,0,20.9,57.4,95738.21925,29.46175637
PR_20241130,30-11-2024,Appliances,10,Day,179,7,10,3087.83,1987.3,340.62,4,5,2.13,0.02,1,0,21.4,38.9,572932.411,17.60078663
PR_20241201,01-12-2024,Electronics,16,Night,173,2,5,2354.7,2331.32,290.51,4,2,1.22,0.04,1,2,18.5,30.2,418763.2548,35.37832311
PR_20241202,02-12-2024,Electronics,13,Unknown,152,0,8,1153.97,1522.205,476.37,3,3,1.97,0.01,0,0,23.3,56.6,188235.6281,18.03084223
PR_20241203,03-12-2024,Textiles,5,Swing,65,0,21,2109.21,1813.62,467.81,3,3,2.45,0.02,2,0,20.4,41.1,175257.2148,3.089353612
PR_20241204,04-12-2024,Textiles,8,Swing,72,6,17,2549.255,1801.095,356.69,1,3,1.18,0.02,0,1,19.5,30.2,213858.7888,4.278074866
PR_20241205,05-12-2024,Furniture,20,Swing,120,0,16,1942.21,2116.725,409.53,3,2,2.39,0.04,2,2,22,33.4,266149.6118,7.677543186
PR_20241206,06-12-2024,Textiles,5,Day,188,2,10,3406.8,1337.67,179.49,2,3,1.02,0.04,0,0,23.3,50.2,653908.6068,18.7250996
PR_20241207,07-12-2024,Electronics,14,Swing,191,8,19,3292.405,1486.3,305.94,3,4,2.05,0.04,1,0,19,45.9,656702.617,10.19210245
PR_20241208,08-12-2024,Appliances,11,Swing,138,6,24,1223.275,1804.435,236.27,2,1,1.61,0.03,0,2,18.6,35.2,212046.2126,5.759599332
PR_20241209,09-12-2024,Automotive,3,Unknown,188,9,9,2550.925,1934.695,429.42,4,4,2.05,0.05,1,2,23,46,496328.3587,21.70900693
PR_20241210,10-12-2024,Textiles,7,Swing,94,2,16,2370.565,1306.775,456.04,3,2,0.98,0.04,0,2,19.1,41.3,244211.949,5.745721271
PR_20241211,11-12-2024,Automotive,1,Night,82,9,6,3350.02,1807.775,260.52,3,4,2.07,0.02,2,2,19,36.6,284897.491,14.53900709
PR_20241212,12-12-2024,Electronics,13,Night,154,6,3,2459.91,2029.885,291.52,1,4,1.94,0.04,1,1,23.6,55.5,385463.864,47.09480122
PR_20241213,13-12-2024,Furniture,18,Swing,165,0,23,1896.285,1422.84,192.31,1,4,0.71,0.03,0,2,24.9,54.7,346096.1106,7.06940874
PR_20241214,14-12-2024,Electronics,13,Night,69,0,6,2401.46,1806.105,451.21,1,3,1.74,0.04,1,1,22.8,50.4,175977.4775,12.12653779
PR_20241215,15-12-2024,Textiles,5,Night,117,4,3,2423.17,2178.515,155.52,4,4,1.27,0.01,2,0,19.4,35.7,290830.7004,34.82142857
PR_20241216,16-12-2024,Furniture,19,Swing,86,9,12,1442.88,1364.39,466.85,3,3,2.25,0.04,1,2,19.9,42,140610.4429,7.101568951
PR_20241217,17-12-2024,Furniture,18,Swing,111,8,17,2029.05,2029.05,346.85,3,4,1.17,0.03,0,2,23,51.8,259758.981,6.52173913
PR_20241218,18-12-2024,Appliances,11,Night,173,9,1,2217.76,1732.625,198.03,3,5,1.92,0.04,2,2,21.1,53.8,385422.4313,171.2871287
PR_20241219,19-12-2024,Electronics,16,Day,157,2,10,1019.535,1816.96,270.45,1,2,1.69,0.04,0,1,23.2,57.7,178563.6478,15.42239686
PR_20241220,20-12-2024,Electronics,13,Day,135,3,12,2937.53,1704.235,140.64,2,3,1.74,0.02,1,0,24.1,34.9,416676.523,11.44067797
PR_20241221,21-12-2024,Automotive,1,Swing,85,8,12,1539.74,1357.71,337.78,1,7,0.78,0.04,1,0,18.8,39.6,147632.0414,6.888168558
PR_20241222,22-12-2024,Appliances,9,Day,166,5,10,1968.93,2001.495,422.78,3,4,0.98,0.01,1,1,21.7,35.4,347317.6739,16.22678397
PR_20241223,23-12-2024,Automotive,3,Night,178,6,5,1434.53,1784.395,360.8,4,4,1.79,0.03,0,1,22.4,59.5,263411.8054,39.38053097
PR_20241224,24-12-2024,Textiles,5,Swing,184,6,17,3316.62,2304.6,166.05,3,4,0.57,0.02,1,0,23.1,54.1,650335.074,10.58079356
PR_20241225,25-12-2024,Automotive,1,Swing,121,3,16,2682.02,2170.165,320.86,2,1,2.3,0.03,2,0,21.5,42.7,358509.2039,7.726692209
PR_20241226,26-12-2024,Automotive,2,Night,139,1,2,1497.99,1978.95,431.14,1,1,1.94,0.04,0,0,22.4,50.6,211703.562,78.97727273
PR_20241227,27-12-2024,Furniture,18,Swing,116,5,15,1493.815,1548.925,444.27,3,2,0.65,0.05,1,1,20.4,53.7,196315.0548,7.800941493
PR_20241228,28-12-2024,Automotive,1,Swing,144,5,18,1594.015,1860.38,398.03,4,5,1.67,0.01,2,2,20,50.3,263601.7178,7.864554888
PR_20241229,29-12-2024,Furniture,20,Night,152,9,4,4037.225,2226.945,246.11,3,2,2.49,0.03,1,1,19.7,34.5,622343.2855,38.97435897
PR_20241230,30-12-2024,Textiles,5,Swing,67,0,19,2419.83,1399.46,491.81,4,6,0.68,0.02,0,0,20.1,30.2,188074.5984,3.613807983
PR_20241231,31-12-2024,Automotive,2,Night,196,2,7,3939.53,1401.13,426.7,3,0,0.55,0.02,1,1,20.6,55,781927.7674,28.08022923
PR_20250101,01-01-2025,Appliances,12,Swing,72,0,17,4146.61,1527.215,436.58,4,3,1.22,0.01,2,0,21.4,50.4,323892.4168,4.339963834
PR_20250102,02-01-2025,Textiles,6,Swing,92,6,16,2538.4,2363.05,440.17,3,6,1.44,0.02,0,1,24.8,55.7,272263.1895,5.613178768
PR_20250103,03-01-2025,Furniture,20,Swing,57,0,14,1119.735,1889.605,392.84,1,7,1.62,0.03,2,2,22.9,34.5,90298.26105,4.068522484
PR_20250104,04-01-2025,Appliances,12,Night,109,9,6,3544.575,2474.94,301.71,3,6,1.41,0.01,1,0,20.4,40.7,401505.3078,17.81045752
PR_20250105,05-01-2025,Textiles,6,Night,190,9,7,2874.07,2362.215,278.44,2,2,1.8,0.03,0,1,18.6,36.4,563317.4695,26.02739726
PR_20250106,06-01-2025,Electronics,15,Day,180,0,12,1080.49,1541.41,404.45,2,3,2.05,0.01,0,2,21.8,54.3,212800.1508,15.15151515
PR_20250107,07-01-2025,Electronics,16,Night,72,6,2,3757.5,2487.465,294.36,4,3,0.62,0.03,1,0,19.7,43.9,274544.8187,44.72049689
PR_20250108,08-01-2025,Textiles,7,Day,125,6,11,3047.75,1866.225,460.12,2,6,1.34,0.03,0,2,23.5,58.9,400713.4105,11.8147448
PR_20250109,09-01-2025,Textiles,8,Swing,71,0,17,2315.455,2342.175,191.31,2,6,0.79,0.04,1,2,18.8,59,204097.1713,4.18879056
PR_20250110,10-01-2025,Automotive,4,Night,84,3,1,2761.345,1848.69,411.78,1,3,1.8,0.03,1,1,23.5,52.2,233894.1045,80
PR_20250111,11-01-2025,Automotive,4,Swing,180,7,18,3957.9,2437.365,195.7,1,2,1.84,0.05,0,2,22.5,42.5,756270.1964,10.00555864
PR_20250112,12-01-2025,Textiles,8,Day,101,7,11,1305.105,2183.525,287.7,1,4,2.13,0.02,1,2,19.5,52.6,155637.8628,9.25756187
PR_20250113,13-01-2025,Appliances,12,Swing,92,6,12,2452.395,1913.82,134.15,1,0,2.21,0.03,2,1,21.2,32.5,248968.944,7.540983607
PR_20250114,14-01-2025,Furniture,18,Night,146,2,6,863.39,2129.25,298.49,3,0,2.49,0.04,2,2,21.8,34.8,139064.6575,23.89525368
PR_20250115,15-01-2025,Textiles,8,Day,97,3,11,2293.745,1536.4,310.92,1,2,0.64,0.02,0,1,18.3,46.9,238656.193,9.220532319
PR_20250116,16-01-2025,Electronics,13,Swing,140,4,13,1526.38,2322.97,172.14,1,6,2.21,0.01,0,1,18.5,50.5,243055.5408,11.07594937
PR_20250117,17-01-2025,Automotive,2,Swing,75,4,24,1593.18,1594.85,229.95,4,5,2.36,0.04,2,1,19.6,58.7,156983.4235,3.190131859
PR_20250118,18-01-2025,Automotive,2,Swing,117,0,15,1606.54,1995.65,184.84,1,5,2.38,0.02,0,0,21.3,30.3,218398.8425,7.672131148
PR_20250119,19-01-2025,Electronics,13,Swing,170,2,16,3371.73,2494.145,271.99,3,4,0.57,0.02,1,2,22.6,30.9,611853.3475,10.96774194
PR_20250120,20-01-2025,Appliances,10,Swing,143,5,24,2531.72,1318.465,355.16,3,3,1.82,0.03,1,1,21.3,47,393586.8275,5.975762641
PR_20250121,21-01-2025,Textiles,7,Night,166,2,2,2105.87,1468.765,156.84,2,2,2.22,0.03,0,2,22.2,36.8,352262.2599,90.71038251
PR_20250122,22-01-2025,Appliances,11,Swing,143,0,21,837.505,2112.55,257.83,4,2,0.88,0.02,0,0,18.7,53.8,164211.267,6.796577947
PR_20250123,23-01-2025,Appliances,10,Swing,92,4,19,3626.405,2049.925,318.64,4,4,1.65,0.04,1,0,20.1,37.8,372967.3208,4.794163627
PR_20250124,24-01-2025,Textiles,8,Night,165,4,2,835,2159.31,419.1,2,1,1.42,0.05,1,1,24.5,53.4,142287.9579,78.94736842
PR_20250125,25-01-2025,Appliances,12,Day,77,7,11,3532.885,1276.715,348.98,1,2,0.87,0.03,2,1,21.6,37.8,286293.0516,6.893464637
PR_20250126,26-01-2025,Electronics,14,Swing,97,4,13,3264.015,2107.54,429.48,1,2,1.28,0.04,0,1,21,37,343796.721,7.519379845
PR_20250127,27-01-2025,Textiles,6,Night,128,5,2,1239.14,2431.52,127.93,4,0,1.1,0.04,2,2,23.8,40.6,162865.08,73.14285714
PR_20250128,28-01-2025,Automotive,1,Day,174,1,11,2907.47,1754.335,174.48,3,2,2.2,0.03,1,0,24.6,51.6,525723.7655,15.39823009
PR_20250129,29-01-2025,Textiles,7,Swing,196,3,21,872.575,1866.225,470.2,2,4,1.97,0.03,0,2,24.7,36.9,210681.9813,9.223529412
PR_20250130,30-01-2025,Automotive,2,Night,117,9,2,1581.49,2130.085,364.97,3,6,0.51,0.04,2,2,21.9,36.9,188548.9703,70.90909091
PR_20250131,31-01-2025,Furniture,20,Swing,166,0,20,1639.94,2355.535,264.69,2,5,1.61,0.05,1,1,23.6,40,319458.5168,8.279301746
PR_20250201,01-02-2025,Textiles,6,Swing,132,9,20,4110.705,2196.05,245.06,3,7,0.56,0.04,0,1,24.1,57.2,587170.9145,6.505667817
PR_20250202,02-02-2025,Automotive,4,Night,114,0,1,2741.305,2457.405,399.11,1,3,2.34,0.04,2,0,20.6,33.6,315113.6193,107.5471698
PR_20250203,03-02-2025,Appliances,10,Swing,85,6,22,865.06,2178.515,454.87,4,3,0.58,0.04,2,0,23.6,57.6,121261.3636,3.879507074
PR_20250204,04-02-2025,Furniture,19,Swing,172,0,17,1265.025,1611.55,313.43,2,2,0.87,0.03,1,0,20.9,38.3,245721.963,9.851088202
PR_20250205,05-02-2025,Textiles,7,Swing,103,8,23,1475.445,2373.905,153.06,1,4,0.91,0.04,1,2,22,49,205668.5661,4.553492485
PR_20250206,06-02-2025,Automotive,3,Swing,134,7,22,3580.48,1888.77,447.15,3,2,2.11,0.02,1,2,19.9,36.4,522036.1049,5.9901654
PR_20250207,07-02-2025,Appliances,11,Night,56,4,7,3102.025,2403.13,261.13,2,5,1.44,0.03,2,2,18.8,34.3,189838.4023,8.345752608
PR_20250208,08-02-2025,Automotive,2,Swing,179,0,13,2448.22,1335.165,456.71,1,4,0.83,0.02,1,2,24.4,36.7,455468.3602,13.86522076
PR_20250209,09-02-2025,Textiles,8,Swing,138,6,12,3542.905,2063.285,407.6,1,0,0.78,0.04,1,2,23.5,44,514196.1313,11.26530612
PR_20250210,10-02-2025,Electronics,14,Swing,79,8,17,2418.16,1269.2,230.02,1,3,1.25,0.04,0,0,19.1,54.3,213004.492,4.563835933
PR_20250211,11-02-2025,Electronics,13,Swing,150,4,14,3560.44,1440.375,144.66,1,7,1.64,0.03,1,2,18.2,32.8,554778.5925,10.43115438
PR_20250212,12-02-2025,Textiles,8,Swing,146,3,23,1567.295,1632.425,303.86,4,2,2.09,0.03,2,2,21.5,55.3,266648.3573,6.301251618
PR_20250213,13-02-2025,Appliances,9,Swing,143,6,13,3938.695,2178.515,132.26,2,3,2.05,0.01,0,1,24.4,38.5,590704.4592,11.34020619
PR_20250214,14-02-2025,Furniture,18,Day,176,5,10,4032.215,1777.715,431.16,1,3,0.58,0.05,0,0,20.1,52.1,726718.1268,18.35245047
PR_20250215,15-02-2025,Automotive,4,Swing,123,7,24,2965.085,1807.775,122.6,2,4,1.8,0.04,1,1,19.8,43.2,407766.6555,5.16372796
PR_20250216,16-02-2025,Appliances,10,Swing,128,5,15,2952.56,1622.405,477.07,2,3,0.53,0.04,1,0,23,32.3,401712.1373,8.731241473
PR_20250217,17-02-2025,Automotive,4,Day,144,8,10,2722.935,2308.775,298.84,2,3,1.64,0.01,1,1,19.9,34.6,416160.0755,13.81957774
PR_20250218,18-02-2025,Electronics,16,Day,61,6,9,2280.385,2459.075,293.19,4,4,0.85,0.02,1,0,21.9,52,161579.4305,6.673960613
PR_20250219,19-02-2025,Furniture,20,Swing,107,3,17,1432.025,2484.125,437.08,3,5,2.22,0.05,1,1,24.2,31.1,196152.355,6.19212963
PR_20250220,20-02-2025,Textiles,5,Swing,153,3,21,1478.785,1906.305,318.8,3,7,1.27,0.03,1,1,24.5,33.4,267144.3473,7.132867133
PR_20250221,21-02-2025,Textiles,7,Night,61,0,5,3014.35,1307.61,268.99,4,4,2.18,0.05,2,1,20.6,36.3,190504.9327,12.03155819
PR_20250222,22-02-2025,Electronics,16,Day,135,8,10,2395.615,1375.245,181.56,4,4,2.33,0.04,1,2,18.8,40.1,336569.1197,14.10658307
PR_20250223,23-02-2025,Textiles,5,Night,56,3,3,1589.005,2345.515,391.85,4,3,1.3,0.04,1,2,22.5,40.9,94871.52265,22.31075697
PR_20250224,24-02-2025,Furniture,18,Night,116,3,7,1142.28,1999.825,300.05,4,6,1.69,0.03,0,1,21.7,48.6,147123.2007,15.86867305
PR_20250225,25-02-2025,Furniture,17,Swing,154,0,22,4038.895,1478.785,302.42,3,1,2.36,0.02,1,0,18.8,38.7,654670.9785,6.968325792
PR_20250226,26-02-2025,Textiles,6,Swing,81,4,16,3134.59,1924.675,201.87,1,3,0.99,0.03,1,0,20.7,30,284388.642,5.113636364
PR_20250227,27-02-2025,Appliances,12,Swing,184,0,22,1472.105,2023.205,157.44,1,6,0.68,0.04,2,2,23.3,50.7,315337.3659,8.371246588
PR_20250228,28-02-2025,Textiles,8,Swing,96,2,14,3338.33,2326.31,226.51,4,3,1.54,0.05,0,1,18.8,51.4,352629.2842,6.946454414
PR_20250301,01-03-2025,Furniture,17,Swing,129,9,24,1400.295,2079.15,422.12,1,6,1.6,0.04,1,0,24.3,30.6,229913.91,5.443037975
PR_20250302,02-03-2025,Electronics,16,Swing,85,5,16,2803.095,1858.71,350.7,1,3,1.37,0.04,1,1,23.1,42.5,267296.1252,5.441741357
PR_20250303,03-03-2025,Textiles,8,Swing,164,3,18,2729.615,2008.175,240.83,2,3,2.44,0.04,0,0,22.9,31.2,482980.6583,9.32347925
PR_20250304,04-03-2025,Appliances,10,Swing,190,9,21,1196.555,1420.335,218.3,4,2,1.34,0.03,1,2,19.3,40.6,256959.4348,9.112709832
PR_20250305,05-03-2025,Textiles,8,Day,94,5,9,3052.76,1558.945,101.48,2,7,1.61,0.05,2,2,23.9,44.2,301239.3762,10.26200873
PR_20250306,06-03-2025,Automotive,2,Night,149,0,8,2696.215,1915.49,112.32,1,0,0.62,0.04,1,2,23.6,59.8,416696.0119,19.07810499
PR_20250307,07-03-2025,Textiles,7,Night,160,0,5,3513.68,1520.535,292.15,3,5,0.59,0.04,1,0,24.1,41,569761.0643,32.12851406
PR_20250308,08-03-2025,Furniture,18,Swing,165,6,17,3868.555,2486.63,202.53,3,1,1.66,0.03,0,1,21.3,37.5,681205.9425,9.565217391
PR_20250309,09-03-2025,Textiles,5,Swing,103,2,20,3197.215,1939.705,474.73,4,8,2.33,0.03,1,2,18.1,48.6,367777.4951,5.194150277
PR_20250310,10-03-2025,Textiles,7,Day,57,9,10,1848.69,1432.025,322.88,4,3,2.14,0.03,1,1,19.7,32.7,119609.6585,5.734406439
PR_20250311,11-03-2025,Electronics,15,Night,61,0,1,1928.015,2408.14,460.8,2,4,1.63,0.05,0,2,19.8,35.1,120065.2178,59.80392157
PR_20250312,12-03-2025,Automotive,2,Swing,81,8,22,1877.08,2140.94,181.23,1,4,1.5,0.05,2,1,20,42.5,198887.2472,3.702010969
PR_20250313,13-03-2025,Electronics,14,Swing,175,7,18,3719.09,1300.93,149.17,4,5,2.03,0.01,1,0,19.7,40.4,673789.1552,9.920634921
PR_20250314,14-03-2025,Furniture,17,Swing,189,9,21,2449.055,1707.575,433.28,2,6,0.5,0.03,0,2,24.5,37.5,499362.2728,8.844174076
PR_20250315,15-03-2025,Appliances,12,Swing,146,1,21,4036.39,1786.065,343.77,2,4,1.3,0.02,0,2,24.3,37.4,627141.7967,6.893295562
PR_20250316,16-03-2025,Electronics,15,Swing,186,2,12,3022.7,1915.49,383.69,1,5,0.7,0.02,0,0,24.4,36.8,585782.727,15.12195122
PR_20250317,17-03-2025,Furniture,19,Swing,178,9,18,2849.02,1648.29,320.85,2,5,1.47,0.01,1,2,19.4,44,537388.1644,9.694989107
PR_20250318,18-03-2025,Automotive,2,Swing,192,7,21,3837.66,2156.805,242.99,1,3,2.05,0.02,0,0,23.3,57.3,781045.2225,9.365853659
PR_20250319,19-03-2025,Textiles,6,Night,84,7,2,2803.93,1936.365,215.4,1,5,1.46,0.03,1,1,22.5,37.2,239422.2136,41.79104478
PR_20250320,20-03-2025,Electronics,14,Swing,140,1,20,3582.985,1311.785,138.11,1,5,1.1,0.04,1,2,22.5,43.7,527420.711,7.117437722
PR_20250321,21-03-2025,Textiles,5,Swing,57,4,13,2500.825,1351.03,131.89,1,5,1.43,0.05,0,0,19.5,41.3,159448.4103,4.556354916
PR_20250322,22-03-2025,Automotive,4,Day,55,5,9,2834.825,1664.155,280.04,4,1,1.21,0.04,0,1,21.6,52.8,171192.3179,5.991285403
PR_20250323,23-03-2025,Appliances,9,Night,199,5,5,1700.895,2068.295,217,3,4,0.83,0.02,2,1,23,40.1,348695.4823,40.28340081
PR_20250324,24-03-2025,Textiles,5,Night,157,8,6,3761.675,2064.12,331.62,1,7,2.01,0.03,2,0,21.3,42.9,603339.2366,25.40453074
PR_20250325,25-03-2025,Appliances,10,Swing,165,5,19,1763.52,1486.3,383.49,1,7,0.9,0.02,2,0,24.2,30.4,319666.39,8.549222798
PR_20250326,26-03-2025,Automotive,2,Swing,126,0,21,4053.09,2370.565,361.82,3,2,2.16,0.03,1,2,19.8,30.2,560163.0316,6.037374221
PR_20250327,27-03-2025,Automotive,3,Swing,124,8,23,2123.405,1896.285,453.26,1,6,1.79,0.04,0,1,20.7,43.6,307201.2178,5.35637149
PR_20250328,28-03-2025,Appliances,9,Night,158,2,4,2288.735,1979.785,393.86,2,5,2.13,0.04,0,1,23.7,36.2,370271.7904,36.15560641
PR_20250329,29-03-2025,Electronics,15,Swing,176,7,13,2478.28,2241.14,257.73,4,5,0.78,0.04,1,2,24,50.2,464975.929,13.69649805
PR_20250330,30-03-2025,Automotive,1,Swing,117,3,22,2115.89,1396.12,244.27,1,3,1.28,0.02,1,0,18.5,50.6,278399.4208,5.29651426
PR_20250331,31-03-2025,Automotive,2,Night,104,5,6,2755.5,1908.81,124.15,2,4,0.76,0.03,0,1,18.5,42.1,298158.4767,17.13344316
PR_20250401,01-04-2025,Appliances,9,Night,149,8,7,3006,2123.405,320.59,3,6,0.5,0.04,0,0,24,44,461844.7709,22.67884323
PR_20250402,02-04-2025,Textiles,5,Swing,87,9,13,1410.315,1508.845,371.4,3,4,2.01,0.01,2,0,20.8,33.6,143036.6356,6.454005935
PR_20250403,03-04-2025,Appliances,10,Swing,104,2,14,3608.87,1469.6,227.33,3,2,2.46,0.02,1,1,19.2,59.1,396087.928,7.360226469
PR_20250404,04-04-2025,Furniture,20,Night,146,2,5,3042.74,2424.84,438.56,3,1,1.79,0.03,0,0,20.6,49.2,457358.4244,26.987061
PR_20250405,05-04-2025,Textiles,5,Swing,141,3,13,3319.96,2228.615,244.62,2,3,0.72,0.03,1,2,18.5,55.9,496952.6381,10.89644513
PR_20250406,06-04-2025,Textiles,8,Swing,65,4,22,3974.6,1285.9,242.9,1,5,2.33,0.01,1,0,24.5,45.1,286600.223,2.958579882
PR_20250407,07-04-2025,Automotive,3,Swing,73,4,14,3538.73,1756.84,226.91,1,6,1.81,0.04,1,0,19.8,36.6,283678.4912,5.058905059
PR_20250408,08-04-2025,Textiles,5,Swing,98,2,19,2895.78,1482.125,137.65,1,4,2.21,0.03,1,2,18.8,38.3,312035.7425,5.141657922
PR_20250409,09-04-2025,Electronics,14,Swing,74,9,19,1848.69,1649.125,497.36,2,6,1.83,0.05,1,0,18.4,35.8,167823.1013,3.934077618
PR_20250410,10-04-2025,Electronics,16,Day,139,2,10,2828.98,1612.385,293.42,4,4,1.49,0.02,1,2,18.5,45.6,409142.46,14.08308004
PR_20250411,11-04-2025,Electronics,13,Swing,71,9,19,1034.565,2504.165,475.86,3,3,0.65,0.05,0,0,23.2,39,121333.7498,3.713389121
PR_20250412,12-04-2025,Furniture,17,Swing,129,0,20,2908.305,2474.105,329.93,3,4,0.66,0.05,1,0,22.2,56.2,424801.8913,6.430707876
PR_20250413,13-04-2025,Automotive,1,Day,98,2,11,2277.88,1364.39,447.39,1,1,2.45,0.04,1,1,18.4,54.4,237913.0764,9.107806691
PR_20250414,14-04-2025,Appliances,11,Swing,103,2,19,3152.96,1553.935,340.93,1,3,0.72,0.02,0,2,22.3,44.9,354419.4992,5.395495024
PR_20250415,15-04-2025,Furniture,18,Swing,113,0,24,1777.715,2229.45,359.25,3,6,1.93,0.04,1,1,23.9,58.1,254054.1775,4.737945493
PR_20250416,16-04-2025,Furniture,19,Swing,95,5,16,2903.295,2045.75,480.29,2,4,1.03,0.02,1,0,18.2,41.9,307522.15,6.129032258
PR_20250417,17-04-2025,Electronics,13,Night,50,3,7,3496.98,1350.195,404.85,1,3,2.44,0.03,0,0,18.8,38.8,183922.3104,7.44047619
PR_20250418,18-04-2025,Textiles,8,Swing,158,0,20,1181.525,1315.125,171.29,1,3,1.52,0.04,2,1,22.3,39.8,213351.685,7.790927022
PR_20250419,19-04-2025,Appliances,10,Night,166,1,4,3098.685,1458.745,363.22,3,4,1.11,0.02,0,1,19.3,46.6,519866.5912,44.14893617
PR_20250420,20-04-2025,Automotive,3,Swing,174,7,13,4075.635,1795.25,235.69,4,3,1.12,0.05,1,1,18.5,43.4,731619.0675,13.9088729
PR_20250421,21-04-2025,Textiles,7,Swing,123,2,22,3760.84,2336.33,262.63,4,2,1.37,0.01,0,0,23.1,50.7,513164.8645,5.681293303
PR_20250422,22-04-2025,Textiles,6,Swing,180,8,16,1317.63,1718.43,447.46,4,1,0.53,0.03,1,1,21.7,56.2,264513.6213,11.31363922
PR_20250423,23-04-2025,Furniture,17,Swing,111,4,23,2327.98,1608.21,441.27,2,5,1.2,0.04,2,0,20.8,36.1,295973.5656,4.751712329
PR_20250424,24-04-2025,Furniture,19,Day,59,9,10,1633.26,1628.25,241.31,1,2,0.87,0.02,2,2,20.2,47.8,112693.6875,5.882352941
PR_20250425,25-04-2025,Electronics,16,Swing,75,3,13,1074.645,2039.07,463,1,4,2.47,0.05,0,2,22.3,38.7,107371.3641,5.712109673
PR_20250426,26-04-2025,Automotive,2,Day,71,0,9,3474.435,1715.09,289.51,1,0,1.15,0.03,0,2,20.5,41.4,262772.4292,7.569296375
PR_20250427,27-04-2025,Automotive,2,Swing,80,0,16,3609.705,1823.64,214.13,2,5,0.84,0.05,1,0,21.5,56.7,318027.5856,4.987531172
PR_20250428,28-04-2025,Furniture,19,Night,121,5,8,3024.37,1763.52,117.54,3,4,2.45,0.03,1,0,19.3,45.6,380039.2948,15.14392991
PR_20250429,29-04-2025,Furniture,18,Night,78,4,7,1139.775,1734.295,223.94,3,4,0.71,0.05,1,1,24.3,39.9,101458.7458,10.77348066
PR_20250430,30-04-2025,Electronics,13,Swing,168,2,18,1093.015,1458.745,406.61,4,5,1.9,0.03,0,0,18.7,47.4,209883.93,9.333333333
PR_20250501,01-05-2025,Textiles,7,Swing,138,2,23,2701.225,2411.48,292.22,4,5,0.7,0.02,2,1,18.4,45.2,429294.1412,5.887372014
PR_20250502,02-05-2025,Appliances,10,Night,86,6,5,3847.68,1422.84,186.15,1,3,0.52,0.03,1,0,21.2,53.2,337929.3096,17.40890688
PR_20250503,03-05-2025,Electronics,15,Swing,141,5,21,4425.5,1993.145,290.77,2,3,2.05,0.03,0,2,24.1,57.1,666030.9281,6.685633001
PR_20250504,04-05-2025,Automotive,4,Swing,188,0,23,2943.375,1326.815,463.6,1,7,0.59,0.05,2,2,23.2,31,583260.9101,8.340727595
PR_20250505,05-05-2025,Automotive,2,Swing,184,1,19,2503.33,1479.62,217.14,3,6,1.34,0.03,1,0,18.4,42.7,488281.614,9.839572193
PR_20250506,06-05-2025,Textiles,5,Day,161,3,10,1693.38,1662.485,374.93,4,1,1.95,0.04,0,0,24.3,35.9,289375.404,15.98808342
PR_20250507,07-05-2025,Textiles,7,Night,168,6,2,2241.14,1498.825,153.08,2,0,1.86,0.04,1,2,19.5,44.6,380153.6647,69.13580247
PR_20250508,08-05-2025,Appliances,11,Night,169,2,2,2347.185,1733.46,449.31,3,7,0.55,0.03,1,1,21.6,44.7,399603.8124,100
PR_20250509,09-05-2025,Automotive,4,Swing,187,12,15,1337.67,2120.9,303.53,4,4,0.56,0.01,0,1,20,34.6,281321.52,12.72108844
PR_20250510,10-05-2025,Furniture,17,Swing,140,0,19,1419.5,2063.285,214.04,2,4,1.23,0.04,0,1,19.3,59.4,238200.6421,7.318348144
PR_20250511,11-05-2025,Furniture,20,Unknown,119,7,8,3076.14,1940.54,441.04,2,3,2.25,0.05,0,1,22.4,44.8,381604.3854,14.85642946
PR_20250512,12-05-2025,Electronics,15,Day,184,9,11,1260.015,1632.425,156.79,2,3,2.3,0.05,0,0,22.7,34.2,250174.8928,16.38468388
PR_20250513,13-05-2025,Furniture,17,Night,93,0,7,3441.87,2311.28,241.12,4,3,1.48,0.02,1,1,21.8,47.1,335741.2756,13.73707533
PR_20250514,14-05-2025,Appliances,12,Swing,195,5,20,3665.65,2327.98,167.58,2,6,0.83,0.02,0,1,19,37.8,760616.3964,9.908536585
PR_20250515,15-05-2025,Appliances,12,Swing,126,2,19,1214.925,1528.05,448.56,2,0,1.98,0.02,1,2,21.8,55.6,182709.4395,6.498194946
PR_20250516,16-05-2025,Automotive,2,Swing,190,4,18,3987.96,2464.92,275.16,3,5,1.15,0.04,2,2,21.8,48.4,801785.1696,10.62639821
PR_20250517,17-05-2025,Furniture,17,Swing,63,4,20,4099.85,1457.91,217.49,3,7,2.45,0.05,0,2,21,51.9,288119.3886,3.079178886
PR_20250518,18-05-2025,Textiles,6,Night,171,8,5,1014.525,1576.48,442.38,2,6,2.06,0.01,2,0,25,48.5,180688.2886,37.41794311
PR_20250519,19-05-2025,Automotive,1,Day,193,4,11,846.69,2163.485,461.46,1,6,0.69,0.03,0,0,24.1,55,187772.0111,17.14031972
PR_20250520,20-05-2025,Electronics,16,Swing,67,0,20,4001.32,2157.64,138.8,3,3,2.08,0.04,2,1,23.8,44.5,310723.4064,3.390688259
PR_20250521,21-05-2025,Textiles,7,Swing,157,4,23,1137.27,1548.09,340.82,2,4,2.19,0.04,1,2,20.7,48.4,214141.9791,6.829056111
PR_20250522,22-05-2025,Furniture,20,Swing,143,7,20,1733.46,1902.13,322.05,2,4,1.29,0.03,1,1,22.6,54,285033.3789,7.322068612
PR_20250523,23-05-2025,Appliances,9,Swing,62,4,22,2419.83,1285.9,433.5,1,3,0.76,0.01,2,2,24.4,51.9,177740.605,2.877030162
PR_20250524,24-05-2025,Furniture,18,Night,87,0,1,1363.555,1973.105,301.92,4,2,1.55,0.02,2,2,23,46.3,121490.2872,60
PR_20250525,25-05-2025,Appliances,11,Swing,98,8,18,2222.77,2410.645,136.88,4,4,2.01,0.01,0,2,20.7,36.9,262259.6474,5.317417254
PR_20250526,26-05-2025,Electronics,14,Night,68,1,4,3932.015,1473.775,488.98,3,2,2.5,0.03,1,1,21.4,50.4,273625.826,16.03773585
PR_20250527,27-05-2025,Automotive,2,Swing,121,2,18,3798.415,1270.87,319,4,5,2.31,0.04,1,2,24.8,51.4,482610.962,6.685082873
PR_20250528,28-05-2025,Furniture,20,Night,85,1,3,1351.03,2230.285,354.39,2,2,2.33,0.04,1,1,18.5,51.3,120747.8053,32.0754717
PR_20250529,29-05-2025,Textiles,7,Night,185,6,8,3988.795,2434.86,120.79,3,3,2,0.02,0,1,19.4,53.9,756894.6344,23.74839538
PR_20250530,30-05-2025,Furniture,17,Swing,106,3,17,3209.74,1598.19,420.43,1,3,2.05,0.02,0,1,24.3,56.5,366922.213,6.347305389
PR_20250531,31-05-2025,Furniture,20,Night,147,0,5,4077.305,2364.72,461.56,2,3,1.23,0.03,2,0,18.6,46.6,612251.559,26.97247706
PR_20250601,01-06-2025,Electronics,13,Swing,55,1,19,1426.18,1822.805,215.94,3,2,0.76,0.03,2,2,22.2,53.3,113164.3352,2.887139108
PR_20250602,02-06-2025,Appliances,10,Night,175,9,3,1052.1,2243.645,214.97,3,2,2.5,0.05,0,1,22.3,41.8,190938.1808,57.56578947
PR_20250603,03-06-2025,Automotive,3,Swing,52,0,20,2221.935,1629.92,181.5,4,4,0.55,0.04,2,0,18.9,59.7,148220.516,2.593516209
PR_20250604,04-06-2025,Automotive,1,Swing,141,9,14,4138.26,2416.49,318.09,2,5,1.55,0.02,1,2,19.5,54,617591.3339,9.992912828
PR_20250605,05-06-2025,Appliances,11,Night,73,7,1,2356.37,1342.68,108.56,4,3,1.81,0.01,1,1,19.3,49.8,173935.0424,51.04895105
PR_20250606,06-06-2025,Textiles,6,Night,61,4,7,2989.3,2352.195,151.21,2,1,1.51,0.03,1,2,23.8,46.5,198436.3138,8.918128655
PR_20250607,07-06-2025,Furniture,19,Swing,85,6,12,2631.085,1672.505,344.75,3,3,1.52,0.03,2,0,22.6,42.5,243879.5355,7.024793388
PR_20250608,08-06-2025,Electronics,13,Swing,97,5,16,3826.805,1258.345,294.05,2,5,1.45,0.05,0,2,22.1,56.4,391056.7691,6.147021546
PR_20250609,09-06-2025,Textiles,8,Swing,86,9,17,3738.295,1624.91,397.9,4,7,1.67,0.05,2,2,24.9,54.3,348304.385,5.212121212
PR_20250610,10-06-2025,Electronics,16,Swing,113,1,22,4046.41,2268.695,396.98,2,4,1.43,0.04,2,1,23,34,506202.7681,5.236329935
PR_20250611,11-06-2025,Electronics,13,Day,131,3,11,2872.4,1372.74,273.79,1,0,1.64,0.05,0,1,24.6,50.7,391494.3592,11.82310469
PR_20250612,12-06-2025,Furniture,17,Night,180,6,1,2709.575,2084.16,370.19,1,2,0.66,0.04,1,0,21.1,52.2,490412.0664,139.5348837
PR_20250613,13-06-2025,Furniture,20,Night,122,6,7,1047.09,2322.135,443.99,2,5,1.29,0.02,1,1,23.7,40.3,144325.0239,17.08683473
PR_20250614,14-06-2025,Automotive,3,Night,199,6,3,1865.39,1639.94,338.82,3,1,2.4,0.05,1,2,20,44.7,376362.0216,63.37579618
PR_20250615,15-06-2025,Automotive,3,Swing,64,5,20,2036.565,1801.93,487.37,1,7,1.58,0.04,1,1,20,48.1,166883.3004,3.15581854
PR_20250616,16-06-2025,Furniture,20,Night,161,0,4,2518.36,1267.53,497.47,1,0,2.43,0.04,1,2,23.8,36.8,411096.4685,36.17977528
PR_20250617,17-06-2025,Electronics,15,Day,124,3,9,1245.82,1524.71,305.29,3,4,1.21,0.03,2,0,24.1,32.2,168570.0004,13.41991342
PR_20250618,18-06-2025,Electronics,13,Night,140,1,4,2625.24,1500.495,204.17,2,2,0.63,0.04,2,2,20.7,31.5,374045.7483,32.25806452
PR_20250619,19-06-2025,Automotive,3,Swing,174,0,13,1715.09,2299.59,415.22,3,7,0.54,0.01,1,0,18.9,35.5,328044.3792,13.50931677
PR_20250620,20-06-2025,Appliances,12,Night,83,3,6,4073.965,2369.73,169.64,3,2,2.31,0.04,2,1,20.3,58.7,351172.61,15.09090909
PR_20250621,21-06-2025,Furniture,19,Swing,85,12,19,1524.71,1926.345,409.57,4,3,1.08,0.03,1,2,19.3,33.6,165372.5767,4.577275175
PR_20250622,22-06-2025,Furniture,20,Swing,55,3,12,1416.16,1981.455,277.47,1,1,1.02,0.02,2,0,22.3,51.6,102240.882,4.475183076
PR_20250623,23-06-2025,Furniture,19,Swing,61,1,12,2552.595,1336,411.48,3,2,2.3,0.03,2,2,19.9,57.5,172288.055,4.915390814
PR_20250624,24-06-2025,Automotive,2,Swing,63,0,23,3927.005,1948.055,219.19,2,7,0.83,0.04,2,1,23,44.3,291972.8134,2.753496503
PR_20250625,25-06-2025,Furniture,18,Unknown,149,2,8,1204.905,1573.14,281.84,2,2,1.38,0.02,0,0,18.3,39.1,192729.4896,17.75923719
PR_20250626,26-06-2025,Textiles,5,Day,199,3,10,3900.285,1730.955,434.43,1,5,2.4,0.04,0,2,21.1,36,793050.8358,20.38934426
PR_20250627,27-06-2025,Automotive,4,Swing,128,1,15,1194.885,1839.505,235.83,2,4,1.77,0.04,2,1,18.6,43.8,179838.8431,8.755129959
PR_20250628,28-06-2025,Automotive,1,Unknown,145,7,9,1409.48,1983.96,262.81,2,5,2.43,0.02,1,2,23.4,43.8,221932.646,16.38418079
PR_20250629,29-06-2025,Furniture,20,Swing,143,6,20,1364.39,1895.45,330.1,1,4,0.98,0.02,2,1,20.6,53.4,233149.4515,7.125062282
PR_20250630,30-06-2025,Automotive,1,Swing,136,5,14,1604.035,1407.81,356.76,4,6,1.07,0.04,1,2,23.7,41,237252.7417,10.02210759
PR_20250701,01-07-2025,Appliances,9,Night,65,2,1,3344.175,1863.72,175.51,4,3,1.85,0.01,1,2,22.9,54.2,219346.9182,61.32075472
PR_20250702,02-07-2025,Electronics,16,Unknown,88,6,8,2253.665,1599.86,344.73,3,7,2.49,0.03,1,2,24.1,31.5,211777.3426,10.46373365
PR_20250703,03-07-2025,Textiles,6,Swing,61,8,12,3545.41,2348.855,292.65,4,2,1.86,0.05,2,1,24.5,31.6,245583.7204,4.887820513
PR_20250704,04-07-2025,Appliances,10,Swing,159,8,19,1931.355,1455.405,416.27,4,5,1.95,0.03,0,2,18.6,36.6,334665.3697,8.390501319
PR_20250705,05-07-2025,Textiles,6,Swing,191,3,18,2402.295,2070.8,360.94,4,6,0.86,0.03,1,2,18.6,37.7,496174.869,10.59345535
PR_20250706,06-07-2025,Textiles,6,Swing,143,2,16,2489.135,2257.005,299.76,1,7,2.13,0.04,1,2,22.8,42,392983.757,8.714198659
PR_20250707,07-07-2025,Furniture,18,Swing,75,0,20,2389.77,1354.37,443.83,1,2,1.94,0.03,2,1,18.9,39.2,206563.9366,3.716551041
PR_20250708,08-07-2025,Automotive,1,Night,86,2,6,2165.155,1949.725,340.09,3,1,1.43,0.02,2,0,23.5,57.6,197765.1993,14.50252951
PR_20250709,09-07-2025,Textiles,8,Day,195,5,12,2004.835,1548.09,287.51,4,7,1.64,0.01,1,2,23.9,37.3,408854.2263,16.85393258
PR_20250710,10-07-2025,Appliances,9,Swing,187,0,13,3662.31,1483.795,178.08,3,0,1.75,0.05,0,2,24.2,52.7,704794.1748,13.91369048
PR_20250711,11-07-2025,Textiles,5,Swing,163,5,23,2196.05,1551.43,182.43,3,3,0.66,0.04,2,2,20.6,42.2,394244.0977,6.968790081
PR_20250712,12-07-2025,Automotive,4,Swing,195,8,23,1275.045,1673.34,159.4,3,7,2.44,0.03,1,0,25,51.2,287873.598,8.315565032
PR_20250713,13-07-2025,Textiles,7,Swing,178,0,12,1482.96,2301.26,428.84,4,7,1.72,0.04,1,2,22.3,53.7,292594.5544,14.30868167
PR_20250714,14-07-2025,Electronics,16,Night,52,1,4,3171.33,1641.61,114.32,4,3,1.61,0.02,0,2,23.3,42.7,171918.8347,12.17798595
PR_20250715,15-07-2025,Textiles,8,Swing,94,0,21,4153.29,2488.3,487.44,4,5,1.58,0.01,1,2,23.4,53.6,443683.763,4.390471742
PR_20250716,16-07-2025,Electronics,15,Night,83,6,2,3103.695,1263.355,336.29,1,4,2.46,0.04,0,0,21.7,38.6,259640.6866,51.55279503
PR_20250717,17-07-2025,Textiles,8,Day,119,0,11,1119.735,2282.055,145.19,1,6,2.32,0.05,0,1,23,31.4,159241.0715,10.44776119
PR_20250718,18-07-2025,Appliances,12,Swing,199,7,12,2582.655,1442.88,424.72,1,4,1,0.01,0,2,23.1,54.7,531926.6298,15.97110754
PR_20250719,19-07-2025,Textiles,7,Night,142,9,4,2873.235,2217.76,450.26,3,4,0.57,0.03,0,2,23.4,42.1,417713.1588,32.42009132
PR_20250720,20-07-2025,Electronics,16,Day,153,5,10,2745.48,2045.75,247.21,3,4,2.03,0.05,0,1,21.2,42.6,439595.3525,16.02094241
PR_20250721,21-07-2025,Electronics,15,Swing,140,6,16,1377.75,1993.98,245.28,3,4,0.95,0.04,0,1,24.4,49.9,225685.971,8.510638298
PR_20250722,22-07-2025,Furniture,20,Swing,115,3,17,3059.44,1516.36,438.63,2,4,0.79,0.03,1,1,20.7,54.5,377719.8652,6.736965436
PR_20250723,23-07-2025,Appliances,10,Swing,60,8,19,896.79,2136.765,294.1,1,3,2.5,0.01,0,2,24.4,50.1,94213.62615,3.172924379
PR_20250724,24-07-2025,Automotive,2,Swing,66,9,14,3365.885,1875.41,304.86,4,4,1.31,0.02,1,0,20.7,42.2,248760.4779,4.651162791
PR_20250725,25-07-2025,Electronics,16,Night,157,2,8,1717.595,2408.14,456.42,2,2,1.99,0.04,0,2,21,39.6,288325.5,20.25806452
PR_20250726,26-07-2025,Appliances,9,Night,86,5,1,4053.925,1523.04,151.68,3,4,1.14,0.02,1,0,23.3,40.5,350587.0412,67.1875
PR_20250727,27-07-2025,Furniture,17,Swing,196,1,15,2099.19,2337.165,453.97,2,0,0.55,0.05,2,2,23.9,39.7,446358.4851,13.11914324
PR_20250728,28-07-2025,Electronics,13,Swing,188,5,14,1067.13,2182.69,470.66,1,2,0.96,0.03,0,1,22.6,48.6,231068.9655,13.47670251
PR_20250729,29-07-2025,Appliances,11,Swing,137,9,16,4143.27,1371.07,105.41,3,4,0.65,0.04,0,2,22,52.1,588989.2606,8.793324775
PR_20250730,30-07-2025,Appliances,9,Swing,127,8,22,2955.065,1917.16,372.89,2,2,0.75,0.03,1,1,20.8,40.1,418256.8106,5.667112896
PR_20250731,31-07-2025,Textiles,5,Night,188,5,6,2718.76,2126.745,212.96,2,5,2.1,0.03,0,1,21.1,40.3,524886.9202,29.05718702
PR_20250801,01-08-2025,Furniture,17,Swing,79,6,17,4425.5,1353.535,325.84,1,3,2.35,0.04,2,1,22.2,35.4,372962.9788,4.579710145
PR_20250802,02-08-2025,Furniture,17,Night,177,1,6,2349.69,1711.75,359.59,1,3,2.43,0.02,1,0,20,44.3,425498.0475,31.55080214
PR_20250803,03-08-2025,Textiles,7,Swing,179,4,19,2323.805,2202.73,333.44,4,2,1.3,0.01,0,1,21.3,51.9,457967.1561,9.386470897
PR_20250804,04-08-2025,Appliances,10,Night,84,5,2,1738.47,1806.105,371.62,1,0,1.07,0.02,2,0,19.6,39.7,149119.9196,49.12280702
PR_20250805,05-08-2025,Textiles,5,Night,140,2,7,1984.795,1515.525,323.17,4,4,2.09,0.03,0,1,19.6,47.8,288767.9248,19.47148818
PR_20250806,06-08-2025,Textiles,7,Night,100,9,7,3970.425,1447.89,396.74,3,3,1.43,0.05,0,1,20.4,43.2,407076.3777,14.43001443
PR_20250807,07-08-2025,Appliances,11,Swing,54,3,21,1406.14,2289.57,314.75,4,4,2.14,0.05,2,0,24.6,48.1,122913.5364,2.631578947
PR_20250808,08-08-2025,Automotive,3,Swing,118,9,14,2483.29,1336,181.21,2,4,2.19,0.05,0,0,22.9,45.1,311197.82,8.676470588
PR_20250809,09-08-2025,Electronics,16,Day,71,7,11,3856.865,1404.47,179.63,3,7,2.43,0.05,0,0,19.4,40.9,288598.3947,6.75547098
PR_20250810,10-08-2025,Appliances,9,Night,77,2,7,3400.955,2300.425,360.19,3,0,1.17,0.04,0,0,20,51.9,277102.3485,11.63141994
PR_20250811,11-08-2025,Textiles,5,Unknown,181,7,8,4164.98,2093.345,303.38,4,1,1.05,0.01,2,1,24,42.6,771487.3449,21.49643705
PR_20250812,12-08-2025,Furniture,19,Swing,95,9,18,3445.21,1547.255,243.36,3,2,1.58,0.03,1,0,24.5,43.2,354511.1654,5.400795907
PR_20250813,13-08-2025,Appliances,9,Swing,140,4,21,941.045,1460.415,326.95,2,6,1.47,0.05,1,0,23.4,53.8,161772.4324,6.809338521
PR_20250814,14-08-2025,Furniture,19,Night,171,2,3,1528.885,1392.78,494.81,3,5,2.4,0.01,2,2,24,33.4,265784.8086,54.80769231
PR_20250815,15-08-2025,Automotive,2,Night,87,4,1,3944.54,1313.455,352.18,2,1,1.16,0.04,1,2,24.3,50.8,344921.8752,65.41353383
PR_20250816,16-08-2025,Automotive,2,Swing,53,9,14,4008.835,1517.195,377.49,1,0,1.95,0.04,0,1,19.5,53.7,233147.6228,3.888481291
PR_20250817,17-08-2025,Automotive,4,Swing,167,9,20,2671.165,2213.585,367.61,3,3,1.22,0.02,2,1,21.4,51.9,490953.923,8.238776517
PR_20250818,18-08-2025,Electronics,15,Night,166,1,2,2339.67,2022.37,378.06,1,5,0.53,0.05,0,2,22.6,43.4,391459.2224,109.2105263
PR_20250819,19-08-2025,Automotive,2,Swing,142,5,14,2919.995,2152.63,178.12,1,7,0.64,0.02,1,0,24.6,38.4,445443.4253,9.923130678
PR_20250820,20-08-2025,Textiles,8,Swing,178,9,20,3841,2472.435,152.44,4,6,0.79,0.05,0,2,22.1,39.5,732503.8669,9.017223911
PR_20250821,21-08-2025,Automotive,4,Night,155,4,4,2395.615,1786.9,412.05,1,2,1.31,0.03,2,1,24.4,45,377771.034,42.93628809
PR_20250822,22-08-2025,Electronics,13,Day,181,8,9,2974.27,2411.48,196.22,1,5,1.87,0.01,0,0,20,59.8,560841.9784,19.39978564
PR_20250823,23-08-2025,Automotive,1,Night,195,0,3,1601.53,1348.525,103.64,4,5,1.25,0.03,1,0,23.1,37.6,316775.453,58.73493976
PR_20250824,24-08-2025,Appliances,11,Night,56,6,2,2676.175,2239.47,219.52,2,1,2.13,0.03,0,1,20.6,34.4,154076.0036,29.78723404
PR_20250825,25-08-2025,Furniture,18,Swing,110,7,12,1285.9,2031.555,285.66,3,5,2.38,0.04,1,1,23.1,44.8,166559.0198,8.899676375
PR_20250826,26-08-2025,Textiles,5,Swing,50,5,16,891.78,2053.265,207.45,1,7,2.35,0.03,1,0,19.9,35.6,78036.68685,3.06936771
PR_20250827,27-08-2025,Textiles,8,Swing,106,4,22,2758.005,1255.005,137.38,1,6,0.55,0.03,2,0,20.4,52.5,320234.7411,4.770477048
PR_20250828,28-08-2025,Automotive,4,Unknown,62,7,8,3162.98,1507.175,200.41,1,5,0.54,0.03,1,1,22.3,31.6,208312.8775,7.654320988
PR_20250829,29-08-2025,Electronics,16,Night,139,0,7,1612.385,2447.385,132.19,1,7,2.02,0.04,1,1,22.8,34,241228.7362,19.88555079
PR_20250830,30-08-2025,Furniture,19,Swing,77,1,15,1505.505,2068.295,314.45,3,3,1.75,0.04,0,1,19.3,42.9,147630.8474,5.02283105
PR_20250831,31-08-2025,Electronics,14,Swing,119,0,23,3119.56,2398.12,374.11,1,4,1.11,0.02,2,1,19.2,42.3,425880.7948,5.221588416
PR_20250901,01-09-2025,Automotive,2,Night,186,6,5,2888.265,1430.355,385.2,3,5,2.33,0.01,2,0,24.4,50.5,544755.2609,35.29411765
PR_20250902,02-09-2025,Electronics,15,Night,76,7,4,3578.81,1933.025,415.94,2,3,0.6,0.03,1,0,20.1,33.5,279199.7433,20.37533512
PR_20250903,03-09-2025,Furniture,17,Swing,150,4,20,1737.635,1570.635,120.52,4,7,1.01,0.04,0,2,22.4,37.9,292686.204,7.352941176
PR_20250904,04-09-2025,Furniture,19,Night,133,6,4,3179.68,2465.755,397.56,4,0,1.03,0.02,2,0,18.2,48.7,432957.7204,32.59803922
PR_20250905,05-09-2025,Electronics,14,Day,134,5,11,1469.6,2211.915,398.43,1,3,0.71,0.05,1,1,24.8,56,221279.5842,12.17075386
PR_20250906,06-09-2025,Automotive,1,Swing,142,8,19,1664.155,2462.415,303.07,4,1,1.63,0.05,0,1,24.3,36.7,283022.0226,7.485503426
PR_20250907,07-09-2025,Furniture,18,Day,73,9,10,2523.37,1293.415,340.34,4,5,0.81,0.03,0,0,20.9,41,196661.5965,7.580477674
PR_20250908,08-09-2025,Electronics,14,Swing,117,5,16,3619.725,1534.73,370.67,2,5,1.82,0.05,2,0,18.3,41.6,447971.4212,7.340025094
PR_20250909,09-09-2025,Electronics,14,Swing,190,0,19,1811.95,2398.955,298.81,1,2,1.87,0.04,0,0,23.7,47.8,390402.4047,9.880395216
PR_20250910,10-09-2025,Textiles,5,Swing,94,5,13,1489.64,1451.23,496.59,4,4,1.8,0.04,0,2,20.8,44.7,159501.6666,7.004470939
PR_20250911,11-09-2025,Furniture,19,Night,187,12,6,2902.46,2095.015,119.49,3,0,1.99,0.04,1,2,19,48,554492.104,33.39285714
PR_20250912,12-09-2025,Textiles,8,Night,198,6,6,1982.29,2410.645,145.41,3,4,2.49,0.04,1,2,19.8,35.1,407391.2061,32.03883495
PR_20250913,13-09-2025,Furniture,19,Swing,158,1,24,2180.185,1267.53,210.14,3,5,2.11,0.04,1,1,20.2,37.3,374408.2886,6.689246401
PR_20250914,14-09-2025,Automotive,1,Swing,161,6,20,2807.27,1923.005,329.04,4,0,1.42,0.01,0,0,20.8,30.5,489776.7483,8.189216684
PR_20250915,15-09-2025,Textiles,5,Unknown,129,2,8,1138.94,2014.02,469.21,3,1,1.08,0.05,2,0,24.3,55.5,163740.327,15.4491018
PR_20250916,16-09-2025,Textiles,5,Night,172,7,5,1870.4,2222.77,485.39,3,3,0.94,0.02,2,0,23.8,55,333044.927,33.7254902
PR_20250917,17-09-2025,Automotive,4,Night,127,6,7,2780.55,2223.605,484.67,2,4,2.19,0.03,0,0,22.1,47.8,369740.1793,17.00133869
PR_20250918,18-09-2025,Appliances,12,Swing,67,5,20,1295.92,1941.375,481.19,1,1,2.07,0.04,0,2,19.7,43.8,125421.175,3.370221328
PR_20250919,19-09-2025,Textiles,6,Swing,174,2,15,2651.96,2362.215,444.75,3,5,0.72,0.02,0,0,23.6,51.5,496141.9784,11.84479238
PR_20250920,20-09-2025,Automotive,4,Swing,81,5,17,3232.285,1583.16,313.3,1,3,2.39,0.05,1,2,22.6,32.3,288538.8258,4.798578199
PR_20250921,21-09-2025,Automotive,2,Swing,172,8,16,2506.67,1769.365,369.42,3,5,1.56,0.02,1,0,23.6,59.3,459634.0165,10.68322981
PR_20250922,22-09-2025,Automotive,3,Swing,151,0,21,2519.195,2083.325,109.28,2,5,0.74,0.02,2,1,20,58.7,423439.9395,7.308809293
PR_20250923,23-09-2025,Furniture,20,Swing,168,0,24,1350.195,2261.18,111.4,2,2,2.43,0.03,2,1,21.4,33.9,280467.9496,7.082630691
PR_20250924,24-09-2025,Automotive,4,Swing,167,1,16,934.365,1675.01,448.75,1,5,1.33,0.01,1,2,19.2,59.7,182001.61,10.77419355
PR_20250925,25-09-2025,Automotive,1,Swing,181,1,15,1075.48,1685.03,246.73,2,1,1.45,0.01,1,2,21.4,44.1,219785.6773,12.13950369
PR_20250926,26-09-2025,Electronics,15,Night,169,7,4,2536.73,1835.33,249.96,1,3,1.88,0.04,0,0,24.9,44.3,435277.8514,47.20670391
PR_20250927,27-09-2025,Appliances,12,Swing,191,2,22,2333.825,1613.22,176.62,3,2,1.19,0.03,1,2,21.9,42.6,481574.059,8.603603604
PR_20250928,28-09-2025,Textiles,5,Night,84,4,2,3549.585,1674.175,204.01,4,2,0.58,0.04,1,2,19.5,53.8,302250.127,34.42622951
PR_20250929,29-09-2025,Automotive,3,Swing,166,5,17,2095.85,2039.905,383.85,1,5,1.83,0.05,1,1,19.5,48.5,381753.124,10.00602773
PR_20250930,30-09-2025,Electronics,16,Swing,57,1,18,3948.715,1527.215,444.95,4,7,1.22,0.05,1,2,18.4,45.6,252688.8022,3.152654867
PR_20251001,01-10-2025,Automotive,1,Unknown,159,2,9,1958.91,1897.955,250.51,3,3,1.76,0.04,0,1,20.8,32.9,327865.0212,18.40277778
PR_20251002,02-10-2025,Appliances,11,Night,161,9,3,2692.875,2459.91,365.5,1,5,2.04,0.03,2,2,19.9,45.8,441867.3708,47.63313609
PR_20251003,03-10-2025,Appliances,11,Day,88,5,11,3080.315,2398.12,392.78,2,3,0.57,0.03,1,0,20.2,33.6,296895.4724,8.17084494
PR_20251004,04-10-2025,Textiles,5,Night,97,4,7,3402.625,1738.47,306.42,3,3,1.79,0.03,0,2,22.7,53.4,341389.4494,14.87730061
PR_20251005,05-10-2025,Automotive,2,Swing,160,0,15,3017.69,1581.49,259.66,2,5,2.15,0.04,1,0,22.4,42.2,506015.0434,10.91405184
PR_20251006,06-10-2025,Textiles,6,Night,50,5,2,1255.005,2494.145,340.99,4,3,0.53,0.04,1,0,24.6,48.3,67239.711,27.77777778
PR_20251007,07-10-2025,Textiles,8,Night,125,5,2,3129.58,1524.71,325.42,3,7,1.15,0.04,0,2,20.6,45.4,394414.6381,59.24170616
PR_20251008,08-10-2025,Electronics,14,Swing,97,0,14,838.34,2278.715,228.14,3,3,1.88,0.04,2,1,23.9,39.8,113608.3715,6.84544813
PR_20251009,09-10-2025,Automotive,2,Night,79,5,4,1957.24,2449.055,234.68,2,2,2.18,0.02,1,0,24.3,57.9,164859.0099,18.89952153
PR_20251010,10-10-2025,Furniture,18,Day,152,9,9,2433.19,2503.33,179.66,2,5,1.89,0.03,1,1,20.1,38,393025.7158,16.41468683
PR_20251011,11-10-2025,Furniture,18,Swing,65,0,21,2211.915,1795.25,327.19,1,5,2.16,0.02,2,1,20.2,55.9,181690.155,3.077651515
PR_20251012,12-10-2025,Appliances,11,Night,90,7,2,1714.255,1783.56,475.08,4,2,2.2,0.03,2,0,24.6,53.4,157083.1392,57.32484076
PR_20251013,13-10-2025,Furniture,20,Night,177,8,4,3703.225,2094.18,236.21,3,2,2.09,0.05,0,0,20.7,43.8,664768.9842,39.86486486
PR_20251014,14-10-2025,Textiles,8,Swing,73,9,22,4151.62,1750.16,368.66,1,2,1.14,0.03,2,0,24.6,30.5,341256.7512,3.345554537
PR_20251015,15-10-2025,Textiles,6,Day,114,9,10,4453.89,1547.255,429.25,1,6,0.98,0.05,0,0,20.1,39.3,522829.1963,11.69230769
PR_20251016,16-10-2025,Electronics,13,Day,149,0,9,1249.16,1633.26,485.98,4,7,1.46,0.03,1,1,24.1,44.4,201526.4818,15.80063627
PR_20251017,17-10-2025,Appliances,11,Swing,163,2,14,1457.91,1358.545,421.82,4,2,1.65,0.02,1,0,21.1,38.8,256292.1529,11.87181355
PR_20251018,18-10-2025,Appliances,9,Day,60,2,11,846.69,1544.75,138.31,2,4,0.56,0.05,2,1,22.1,38.3,67963.5725,5.400540054
PR_20251019,19-10-2025,Appliances,10,Swing,138,7,19,2060.78,1483.795,129.28,2,4,2.32,0.02,1,2,21.4,53.8,312297.824,7.336523126
PR_20251020,20-10-2025,Furniture,17,Night,129,4,7,3574.635,1831.155,386.31,4,7,1.25,0.03,1,0,23.9,38.2,474806.6429,17.26907631
PR_20251021,21-10-2025,Electronics,14,Night,68,8,4,1619.9,2478.28,391.95,4,5,0.82,0.04,1,1,19.8,43.6,121255.8944,15.17857143
PR_20251022,22-10-2025,Electronics,13,Swing,68,0,14,2184.36,2102.53,451.68,3,2,0.92,0.03,2,1,18.8,44.5,177467.2928,4.941860465
PR_20251023,23-10-2025,Electronics,16,Day,61,0,12,4008.835,1489.64,415.67,3,0,1.12,0.01,0,2,19.9,59.1,262161.3762,5.156382079
PR_20251024,24-10-2025,Electronics,16,Day,82,7,9,2608.54,2389.77,336.41,1,0,1.22,0.04,0,1,24.9,35.8,236053.4479,8.845738943
PR_20251025,25-10-2025,Electronics,15,Day,119,8,10,3974.6,1449.56,380.37,2,1,2.33,0.05,1,0,24.1,32.4,487023.6364,12.28070175
PR_20251026,26-10-2025,Automotive,1,Swing,151,6,22,1002,1911.315,345.17,2,2,1.21,0.04,2,2,19.1,55.8,193236.2511,6.882406563
PR_20251027,27-10-2025,Textiles,5,Swing,91,4,19,3086.16,2052.43,460.9,4,5,0.97,0.03,2,1,24.6,33.9,320349.8375,4.727272727
PR_20251028,28-10-2025,Automotive,3,Night,105,3,6,1272.54,1705.905,280.47,3,3,1.27,0.03,1,1,21.3,45.4,143169.768,18.75
PR_20251029,29-10-2025,Textiles,6,Day,102,3,11,932.695,2251.16,172.41,4,6,0.86,0.02,0,1,20.5,46.2,120325.3704,9.115281501
PR_20251030,30-10-2025,Textiles,7,Swing,91,7,18,1719.265,1421.17,174.29,3,7,1.47,0.02,1,2,21.5,37.8,182488.9494,4.967248908
PR_20251031,31-10-2025,Automotive,2,Swing,85,8,13,900.13,1911.315,108.17,1,0,2.36,0.04,1,0,18.5,41.7,101224.3529,6.573859242
PR_20251101,01-11-2025,Textiles,7,Swing,194,5,22,1370.235,1675.845,426.98,2,4,2,0.02,2,2,20.1,38.8,303498.5856,8.629893238
PR_20251102,02-11-2025,Automotive,2,Swing,195,4,17,1506.34,1265.86,333.51,4,6,2.28,0.05,0,2,25,47,315711.6296,11.23271889
PR_20251103,03-11-2025,Electronics,15,Night,53,8,4,4164.145,1840.34,285.61,3,5,2.46,0.02,2,1,24.2,56.7,228484.3232,12.52955083
PR_20251104,04-11-2025,Electronics,14,Day,142,9,10,1032.895,1753.5,397.37,2,6,1.27,0.05,1,0,24.9,36.2,164539.255,13.93523062
PR_20251105,05-11-2025,Automotive,2,Swing,197,6,21,4010.505,1477.95,226.42,2,8,0.86,0.03,0,2,23.5,44.4,820677.8295,9.512312892
PR_20251106,06-11-2025,Appliances,12,Day,106,2,10,2116.725,1728.45,391.69,4,5,1.81,0.01,1,2,19.6,31.4,242037.609,10.37181996
PR_20251107,07-11-2025,Electronics,14,Swing,191,8,13,2647.785,1462.92,442.97,2,3,1.84,0.01,1,1,23.2,57.8,524335.2774,15.01572327
PR_20251108,08-11-2025,Textiles,7,Swing,161,8,20,946.89,1805.27,346.55,2,1,1.79,0.04,0,1,18.8,55.8,188103.3725,8.151898734
PR_20251109,09-11-2025,Electronics,15,Night,93,9,1,852.535,1781.89,488.48,4,1,2.03,0.03,0,2,22.4,56.3,81887.3144,63.69863014
PR_20251110,10-11-2025,Automotive,3,Night,155,9,3,1652.465,2021.535,393.73,3,2,0.9,0.02,0,2,24.4,48.2,261772.1577,55.55555556
PR_20251111,11-11-2025,Textiles,8,Night,74,6,7,3129.58,1598.19,275.43,2,5,0.53,0.02,1,2,21,36.7,242936.069,10.42253521
PR_20251112,12-11-2025,Furniture,17,Swing,113,2,19,3152.96,1500.495,349.98,3,4,1.5,0.01,1,2,22.5,55.1,384223.6969,6.068743287
PR_20251113,13-11-2025,Furniture,18,Night,176,9,7,2790.57,2147.62,148.23,4,5,0.79,0.02,0,1,23.6,52.5,506925.327,23.94557823
PR_20251114,14-11-2025,Furniture,19,Day,179,5,11,2382.255,2236.965,465.01,4,1,0.56,0.01,1,2,24.8,44.7,449956.5168,17.01520913
PR_20251115,15-11-2025,Textiles,5,Unknown,127,1,9,1637.435,1316.795,360.28,4,7,1.42,0.03,1,0,23.4,44.8,219686.8884,14.25364759
PR_20251116,16-11-2025,Textiles,5,Swing,55,6,19,3631.415,1907.14,264.21,2,5,1.86,0.03,1,2,20.8,53,236745.4124,2.833590933
PR_20251117,17-11-2025,Automotive,3,Swing,97,1,15,2749.655,1853.7,441.42,4,8,1.58,0.03,2,0,19.3,56.3,294429.35,6.488294314
PR_20251118,18-11-2025,Electronics,15,Night,137,4,6,1983.125,1801.095,124.48,2,2,0.56,0.03,0,2,22.7,32,282494.695,22.83333333
PR_20251119,19-11-2025,Electronics,13,Swing,130,8,21,1330.155,1280.89,312.73,1,8,0.89,0.02,0,2,19.6,44.3,200228.7248,6.097560976
PR_20251120,20-11-2025,Electronics,16,Night,77,3,1,3037.73,1932.19,397.17,2,4,1.36,0.05,2,1,24.8,45.7,236320.4475,61.6
PR_20251121,21-11-2025,Textiles,6,Day,159,1,11,1487.97,2052.43,381.66,1,4,2.13,0.02,0,1,23.5,33.6,258384.0366,14.97175141
PR_20251122,22-11-2025,Textiles,5,Swing,174,9,19,2584.325,2280.385,106.8,4,3,1.09,0.03,1,0,22.7,53.4,493729.5882,9.00621118
PR_20251123,23-11-2025,Appliances,11,Day,148,6,12,2287.9,2225.275,190.43,4,7,2.21,0.02,2,1,23.6,53.8,364377.8845,12.7806563
PR_20251124,24-11-2025,Electronics,14,Night,180,8,7,1504.67,1523.04,444.16,1,4,2.17,0.04,0,0,20.1,44,282217.7088,24.09638554
PR_20251125,25-11-2025,Furniture,17,Swing,120,2,22,3439.365,2420.665,203.81,3,5,1.75,0.05,1,0,18.2,57.8,466293.1165,5.422503389
PR_20251126,26-11-2025,Electronics,13,Swing,50,7,16,2365.555,1353.535,291.64,4,2,2.19,0.02,0,2,20.6,42.9,140435.118,3.054367746
PR_20251127,27-11-2025,Appliances,12,Swing,84,1,13,919.335,1942.21,495.15,2,2,1.81,0.05,1,2,21.9,42.3,103366.2866,6.240713224
PR_20251128,28-11-2025,Textiles,7,Swing,84,8,22,2516.69,1531.39,338.87,2,6,0.88,0.01,2,0,23.7,31.8,245597.8987,3.761755486
PR_20251129,29-11-2025,Furniture,19,Swing,193,6,22,1524.71,2106.705,322.84,4,1,0.52,0.04,0,1,24.6,50.5,340426.9366,8.808763122
PR_20251130,30-11-2025,Appliances,10,Unknown,179,9,9,4151.62,2271.2,331.46,1,8,1.69,0.05,2,2,18.4,46.8,763467.22,20
PR_20251201,01-12-2025,Appliances,12,Day,51,5,9,2997.65,2271.2,171.81,1,7,0.91,0.04,1,0,18.1,37.4,173389.086,5.647840532
PR_20251202,02-12-2025,Electronics,15,Night,108,3,8,1158.145,1587.335,375.3,1,3,1.72,0.02,1,2,22,57.3,137397.3796,13.91752577
PR_20251203,03-12-2025,Appliances,12,Night,91,3,8,2520.865,1764.355,109.34,3,6,0.94,0.02,0,2,20,30.6,242666.6646,12.10106383
PR_20251204,04-12-2025,Appliances,9,Night,193,7,4,2155.135,1705.07,229.27,3,2,0.75,0.04,0,0,24,33.9,423272.856,44.88372093
PR_20251205,05-12-2025,Appliances,9,Swing,158,2,16,2813.95,1366.895,223.3,3,4,1.34,0.01,1,1,23.9,41,466119.0273,10.03811944
PR_20251206,06-12-2025,Electronics,13,Night,170,0,8,3038.565,2253.665,129.94,2,3,2,0.03,1,0,24.8,43,534337.4669,21.54626109
PR_20251207,07-12-2025,Electronics,15,Day,98,4,11,2350.525,1686.7,234.33,4,3,0.97,0.04,2,0,19.6,46.4,249428.027,8.66489832
PR_20251208,08-12-2025,Furniture,18,Day,115,2,12,2969.26,1778.55,341.09,1,3,2.18,0.04,1,2,18.4,39.8,362736.358,9.615384615
PR_20251209,09-12-2025,Automotive,3,Swing,86,8,16,1796.085,2104.2,250.79,1,6,2.29,0.02,2,1,24.3,57.9,188993.232,5.240706886
PR_20251210,10-12-2025,Electronics,15,Swing,125,1,20,958.58,2038.235,108.3,3,5,1.01,0.03,0,1,22.8,44,160546.4353,6.256256256
PR_20251211,11-12-2025,Electronics,16,Swing,115,8,23,1021.205,2300.425,350.34,2,4,1.02,0.02,1,0,24.3,51.1,171015.4733,4.93774152
PR_20251212,12-12-2025,Automotive,4,Day,179,0,11,3681.515,1804.435,222.22,3,3,1.21,0.03,1,0,23.4,40,679020.4135,16.12612613
PR_20251213,13-12-2025,Furniture,19,Swing,179,0,21,1974.775,2365.555,499.38,2,3,1.92,0.03,0,2,22,54.1,402309.7802,8.67248062
PR_20251214,14-12-2025,Appliances,11,Swing,115,0,13,3986.29,2490.805,459.86,1,0,0.75,0.05,1,2,20.7,50.7,491451.4243,8.672699849
PR_20251215,15-12-2025,Textiles,6,Swing,64,3,22,2413.15,1694.215,295.02,2,6,2.09,0.03,1,0,21.8,55.2,192544.4954,2.845709204
PR_20251216,16-12-2025,Appliances,11,Swing,164,2,18,3650.62,1457.91,247.29,2,3,1.53,0.04,2,2,21.1,36,625643.8568,8.874458874
PR_20251217,17-12-2025,Automotive,4,Swing,134,5,17,1293.415,1462.92,127.84,2,5,1.7,0.03,1,1,21.8,58.3,197850.7784,7.990459153
PR_20251218,18-12-2025,Automotive,4,Day,129,3,11,3700.72,1736.8,100.59,1,2,2.13,0.02,1,2,24.1,57.5,495820.328,12.15834119
PR_20251219,19-12-2025,Furniture,19,Night,137,0,8,3969.59,1770.2,419.46,1,0,0.7,0.02,1,0,20.3,43.2,557960.026,17.1679198
PR_20251220,20-12-2025,Electronics,16,Swing,162,4,20,4022.195,2457.405,296.95,3,2,2.23,0.03,1,1,19.6,33.5,699662.4318,8.282208589
PR_20251221,21-12-2025,Automotive,2,Swing,132,0,14,1838.67,2325.475,227.41,3,2,2.39,0.03,2,1,18.1,43.4,276098.261,9.192200557
PR_20251222,22-12-2025,Textiles,6,Night,54,4,3,3236.46,2473.27,327.92,1,8,1.87,0.03,1,0,20.5,42.4,181693.996,19.28571429
PR_20251223,23-12-2025,Electronics,13,Day,52,0,11,1043.75,1973.94,222.32,1,5,2.04,0.03,1,2,18.5,55,76008.0794,4.72297911
PR_20251224,24-12-2025,Furniture,18,Night,141,12,4,1801.095,1298.425,253.34,3,6,0.76,0.03,2,0,23.3,30.2,259589.5595,32.48847926
PR_20251225,25-12-2025,Furniture,18,Night,139,7,2,1938.035,1675.01,129.25,2,0,1.54,0.02,1,0,18.4,32,272117.1313,85.27607362
PR_20251226,26-12-2025,Automotive,1,Swing,188,3,24,3203.06,2330.485,276.8,1,4,1,0.02,0,0,22.7,49.1,657687.4327,7.892527288
PR_20251227,27-12-2025,Textiles,7,Swing,60,1,13,1908.81,1925.51,156.89,4,7,2.09,0.04,0,0,23.6,30.7,140465.2197,4.454342984
PR_20251228,28-12-2025,Automotive,2,Swing,56,0,20,1056.275,2029.05,272.23,3,4,2.09,0.03,0,1,18.9,50.7,99103.3945,2.844083291
PR_20251229,29-12-2025,Electronics,14,Day,139,4,11,2397.285,2024.875,410.1,3,0,1.26,0.02,1,0,23.3,41,356225.195,12.23591549
PR_20251230,30-12-2025,Electronics,14,Swing,160,3,16,1837,2472.435,194.25,1,2,1.93,0.01,0,1,23.2,59.5,332514.7103,10.24983985
PR_20251231,31-12-2025,Textiles,8,Swing,117,3,24,3410.975,1922.17,191.75,1,2,1.54,0.03,1,2,20,43.3,444793.2776,4.920100925
